date,SMALL LoBM,ME1 BM2,ME1 BM3,ME1 BM4,SMALL HiBM,ME2 BM1,ME2 BM2,ME2 BM3,ME2 BM4,ME2 BM5,ME3 BM1,ME3 BM2,ME3 BM3,ME3 BM4,ME3 BM5,ME4 BM1,ME4 BM2,ME4 BM3,ME4 BM4,ME4 BM5,BIG LoBM,ME5 BM2,ME5 BM3,ME5 BM4,BIG HiBM
197901,10.1006,9.9321,8.1734,10.5632,11.8293,8.8668,8.0495,8.0086,7.3993,10.2038,6.9897,6.4087,7.9547,6.9998,9.7095,5.7053,5.7217,6.035,8.5357,6.4569,2.453,5.0185,4.2442,5.3315,7.6381
197902,-2.9749,-3.7188,-2.2886,-2.8246,-1.4243,-3.0003,-3.1573,-2.7416,-3.2709,-2.3298,-4.782,-2.5584,-1.8335,-1.6336,-1.1709,-4.049,-3.9832,-3.1326,-3.1848,-4.2921,-4.0001,-2.4826,-2.1391,-1.8837,-2.8166
197903,12.1754,9.4782,8.08,7.1946,8.5009,12.3131,9.142,8.5092,7.2273,8.5064,10.4622,8.8548,7.8376,8.8392,12.9276,7.518,8.1828,6.876,8.0606,9.6411,5.015,6.0792,4.987,6.1633,6.5187
197904,3.1302,2.6774,2.2018,2.9597,3.5207,1.6278,3.0621,2.0711,2.9901,2.2492,1.621,0.4006,2.897,1.9502,4.1477,2.036,1.0338,1.4047,0.4557,1.6928,-0.1605,0.6766,-0.2137,1.5108,-0.987
197905,-2.6385,-1.1382,-1.3217,-0.8104,-1.1055,-2.3027,-1.744,-0.1765,-0.4064,-0.6175,-3.4398,-3.1208,-0.373,0.4871,-2.0958,-0.2247,-1.5729,-1.6698,-0.5279,-1.0225,-2.1208,-0.8551,-1.2997,-1.9578,-1.3257
197906,5.8434,5.5179,5.3058,4.5246,5.4099,7.4402,5.6194,3.8977,5.8874,8.3869,3.4984,4.6354,6.1974,6.3217,6.6207,5.1343,7.2715,6.3783,7.8912,6.0964,2.2927,4.674,5.0669,6.5616,2.7229
197907,2.2431,2.6326,3.3204,3.1791,2.2661,1.8783,2.5373,2.9741,4.8656,4.0067,3.0528,3.9166,4.2612,2.7295,5.5555,1.5089,2.9857,3.0146,2.5266,2.8743,-0.4229,1.7055,1.5091,1.2504,3.6669
197908,8.955,9.0445,6.1707,7.0789,8.1171,8.486,8.5533,7.2044,6.7524,7.2544,9.4669,7.9008,5.6325,5.7021,6.9475,8.5062,6.3121,6.8628,5.0004,8.0426,6.3725,7.1229,4.4012,5.373,5.3039
197909,-0.182,-0.4973,-1.514,-0.5319,-1.0147,0.73,0.6698,-2.5711,-1.3821,-1.9282,1.3529,0.0515,-1.3532,-3.0943,-1.4618,-0.4209,0.3457,-0.1191,-2.1123,-1.6546,-1.7483,0.8617,1.634,0.7716,0.4915
197910,-10.8686,-9.8344,-11.5246,-9.5789,-11.6918,-8.5549,-10.6009,-11.6837,-11.948,-11.5569,-8.2455,-8.5302,-10.291,-7.6331,-12.3511,-7.5555,-7.7614,-8.2723,-9.9994,-10.7159,-6.2888,-5.4882,-5.7095,-7.0308,-7.1669
197911,10.938,8.5299,6.6747,5.1629,6.5707,11.2343,7.8853,6.7931,7.3348,7.4622,11.5187,7.0413,6.5955,6.7874,5.3509,9.9145,7.1191,7.5361,6.4872,5.4365,4.9948,7.3537,4.1488,7.2501,1.0008
197912,11.5365,8.3465,5.8662,6.711,5.2942,8.8306,6.2479,5.6152,3.6902,5.0361,5.6181,3.2452,2.804,2.2739,8.0302,4.5287,3.998,2.1615,2.0349,4.2355,1.9075,3.7193,-0.1054,0.9011,2.2698
198001,12.9309,10.4509,8.5281,8.9367,11.0463,6.9858,7.3696,6.3157,4.6864,9.1738,5.2802,6.7236,6.8436,6.2804,9.3286,7.5688,7.6742,6.4642,0.7097,8.3115,3.3805,7.5176,5.6858,7.7689,10.2286
198002,0.5685,-0.1553,-2.1423,-1.975,-2.1444,-1.6076,-0.3043,-3.0696,-4.2871,-1.1258,-1.3202,-3.5393,-4.353,-4.1778,-2.5533,-2.4745,-1.2175,-2.9952,-4.5978,-1.8549,-4.339,1.0699,3.9772,1.7563,2.4902
198003,-22.077,-19.3763,-17.586,-15.6043,-17.619,-19.0307,-16.4579,-16.8753,-14.6076,-17.677,-15.8484,-14.9858,-16.579,-12.855,-19.1128,-12.1957,-14.1445,-13.0439,-11.2044,-16.7798,-6.308,-11.4294,-9.555,-11.358,-12.8861
198004,6.2239,6.5833,6.8456,5.3506,6.0553,6.3139,4.7287,6.2921,7.953,3.9293,6.7846,7.0929,7.2939,8.8882,5.9313,4.7201,6.0112,7.3992,9.1134,6.5351,2.9977,3.4072,5.4608,7.8576,2.8631
198005,7.2459,6.5733,7.0571,6.6819,7.6746,8.9588,10.03,7.0092,7.8933,9.8395,7.3304,6.9459,8.7575,7.8788,9.2893,7.6577,8.0592,9.4646,7.6172,8.5325,4.9816,5.2052,5.2626,4.0197,6.1383
198006,4.9439,3.7532,3.4608,4.1446,5.4237,4.4866,6.66,4.1377,5.6651,2.1309,4.961,5.4712,4.1155,4.4698,2.4913,5.7966,3.962,4.6123,2.9388,5.309,2.1572,4.1988,1.9455,4.823,0.249
198007,12.1151,12.5796,10.2221,8.1176,8.8152,14.4596,11.3284,9.8976,7.6059,8.3508,13.1578,8.263,9.3619,5.4343,6.0631,11.08,10.3706,7.5497,3.2687,4.8287,11.1533,6.0846,3.3029,3.1907,5.2541
198008,11.4808,8.8857,6.5514,7.2711,5.0758,8.2902,7.1937,4.1515,3.0189,3.6696,6.666,6.4162,2.3151,1.9042,0.7541,4.468,2.0818,2.5978,0.06,0.6527,2.0005,0.9612,1.1125,2.2081,0.0837
198009,6.4748,2.9475,2.8491,1.3028,3.179,4.6095,3.6846,3.7556,0.9129,1.1767,5.3561,2.2594,2.7456,1.5141,-1.3126,5.8781,4.3619,1.702,0.176,0.2529,3.0991,5.6656,3.2842,-1.1106,0.0314
198010,7.762,5.5854,4.3917,3.6015,2.1991,6.618,2.2713,0.6878,3.3861,1.6885,2.218,2.3769,2.8275,1.4055,2.1216,2.3659,3.5685,-0.7983,-1.2633,-0.1654,0.6068,4.0471,4.7087,-1.7668,0.817
198011,16.4103,6.4005,5.6502,0.9849,1.8304,13.455,7.4653,4.3988,6.4091,3.676,11.7376,7.0855,3.505,2.3275,1.6411,13.1404,13.8997,4.8186,2.8904,0.9367,10.651,14.2736,18.5479,5.2796,3.9964
198012,-6.4093,-5.6682,-3.5644,-2.6904,-3.4275,-5.1269,-2.3956,-1.9909,-1.4557,-0.3376,-3.838,-3.2388,-0.4676,-0.9983,-0.1335,-3.6459,-4.4759,-0.4186,0.6393,-0.4546,0.0924,-5.5296,-5.906,-1.327,-0.4463
198101,-4.4541,-0.4488,2.0334,1.6311,3.1485,-4.9628,-0.0338,-0.2186,1.8026,3.1023,-4.1268,-1.7204,-0.9898,2.0129,2.7102,-6.6622,-3.4526,-0.1608,0.4866,1.4324,-6.1346,-7.3192,-6.465,0.0363,1.9864
198102,-3.4045,0.0165,1.2538,1.994,2.5098,-0.4446,1.5802,2.7781,3.5061,3.8639,2.4065,2.433,3.7864,-0.0499,1.3553,1.33,2.5407,4.3888,1.3373,3.794,3.265,2.0115,-0.602,3.1146,-0.6153
198103,7.2818,9.4495,8.5917,8.9755,7.314,8.0677,8.36,7.8297,7.8425,7.5275,7.6577,7.7999,7.9864,9.067,6.9676,9.2543,6.7772,8.3068,7.4034,7.6968,2.9453,3.204,0.2758,3.433,8.1673
198104,2.8941,4.6714,3.56,4.7323,5.489,1.8303,3.5544,3.7248,3.7581,4.0242,2.1644,3.4207,1.187,0.9754,3.7114,-0.0049,-0.8281,0.7658,0.2999,1.7053,-2.7511,-4.2708,-2.8205,2.1239,-2.9574
198105,4.9653,4.9324,4.3999,2.4889,2.8337,6.3194,2.1804,2.8397,0.2891,2.5058,2.1258,3.8547,2.9395,1.4441,5.1206,3.547,2.1745,1.6668,1.0741,3.3478,1.5788,-2.1291,-1.9789,3.8169,0.5521
198106,-7.0155,-0.5011,1.2936,2.7162,1.4854,-7.1244,-0.5018,-0.8334,-0.1153,1.4791,-4.7906,-0.2099,-0.3997,2.3291,-1.7095,-5.1757,-1.5531,0.7969,2.5865,-0.5766,-4.4628,1.1583,3.4221,-0.8594,1.0217
198107,-4.6537,-3.2701,-2.777,-1.9821,-2.2789,-2.4953,-3.3861,-0.5508,-1.5333,-2.0176,-1.7366,-2.0704,-3.0313,-2.9233,-0.471,2.0579,-1.1502,-2.4478,-2.5409,-3.1747,1.6134,2.7148,-2.0268,-2.171,0.5965
198108,-12.7417,-8.5951,-7.4731,-5.3689,-5.0438,-10.3597,-8.1072,-4.7661,-5.5163,-5.7071,-8.2374,-6.0033,-5.5941,-5.7347,-3.4041,-6.939,-6.2744,-3.9195,-5.265,-3.0611,-6.1701,-6.6584,-5.7745,-5.1307,-0.4253
198109,-13.5206,-8.2082,-7.3637,-6.6366,-6.2869,-10.3044,-6.755,-6.5454,-3.3361,-5.5566,-9.3285,-5.8642,-6.1373,-1.6434,-3.8442,-9.3464,-7.6976,-6.5454,-3.8612,-4.3109,-6.2933,-6.2496,-6.1772,-2.1958,0.5234
198110,10.5516,7.9145,8.5096,7.0247,5.1358,11.0404,6.7345,7.0929,7.654,5.9726,10.8375,5.2893,7.3441,5.1736,4.15,10.0782,8.0884,4.9061,4.135,3.7155,7.7948,7.5579,2.6359,1.5943,4.8102
198111,-1.0829,1.9786,3.8942,2.7119,3.9024,1.5875,5.1648,4.86,6.0958,5.3619,0.6209,2.9828,4.3265,3.1606,5.4019,4.1055,3.8922,2.53,7.4007,4.8362,3.6033,6.0422,5.1603,4.4416,3.7195
198112,-4.1367,-1.8282,-0.3484,-0.515,-1.0179,-1.7892,-0.4016,-1.6996,-2.3302,-1.7117,-1.8959,-2.1271,-1.0344,-1.1983,-3.0372,-3.1642,-2.3397,-1.7383,-2.3838,-2.4483,-2.979,-3.442,-3.7433,-2.0612,-1.7567
198201,-3.1715,-0.4062,-1.8378,-1.5494,-0.2786,-5.4882,-3.5887,-3.768,-3.1172,0.569,-6.2224,-3.5232,-4.8921,-1.9755,1.062,-6.5202,-4.0254,-3.9297,-1.6405,-1.6513,-0.2472,-3.9582,-2.76,-1.0953,1.4504
198202,-7.6761,-4.0329,-2.8958,-2.9165,-0.9394,-7.3965,-5.016,-3.9711,-0.9626,-0.4571,-7.7855,-2.9741,-1.4265,-3.1415,0.2503,-6.9709,-6.2445,-3.61,-0.1205,0.7829,-7.3547,-7.3262,-2.5905,-1.1907,-4.0071
198203,-2.3388,-0.2301,-1.1342,-0.4156,0.291,-3.8172,0.2596,-1.1554,1.9014,1.693,-2.4612,0.0161,1.0754,0.0064,2.5615,-3.0744,-1.5916,0.1219,0.1084,1.0649,-3.4941,0.4164,-1.563,2.5956,2.0438
198204,6.3582,6.2629,5.6668,4.6493,4.4702,6.6906,6.7141,5.907,4.3692,4.1924,5.9162,6.0278,4.4844,5.2263,4.7627,6.2458,5.0012,4.519,3.7172,5.0006,6.6516,3.8668,3.0996,3.0565,0.4977
198205,-3.1445,-1.7324,-0.0457,-1.0164,-0.3107,-3.9048,-3.652,-2.7849,-1.8917,-2.042,-3.312,-2.1057,-3.4177,-1.286,-1.4103,-4.6049,-4.5583,-4.0154,-4.0247,-2.6148,-4.0226,-1.8377,-1.5203,-3.3992,-1.3048
198206,-4.3393,-2.9401,-2.6167,-1.068,-1.5387,-4.2976,-1.1894,-1.4604,-0.7285,-1.124,-4.1575,-0.4164,-0.4015,-2.3546,-1.9357,-4.4634,-2.8115,-0.7127,-1.1497,0.4285,-2.8165,-1.2079,-0.5493,-1.8226,-2.8953
198207,-3.856,-2.4985,0.314,-0.8645,-0.4113,-3.4201,1.3858,-0.4119,-0.1102,-1.1047,-1.7594,-0.7045,-2.9678,-3.0856,-1.9012,-1.4114,-4.0745,-1.7458,-3.7509,-2.8109,0.6534,-3.7154,-4.503,-2.0069,-1.764
198208,4.7656,7.3574,6.4014,4.9323,5.6677,7.9355,8.3086,10.1356,8.1216,8.2147,10.5401,10.9988,11.864,11.166,10.9937,12.1158,12.8492,10.3622,12.8077,14.0089,11.2943,12.0515,13.0168,13.4939,13.4753
198209,2.2214,2.3578,5.8287,3.935,4.4401,2.3812,2.9461,4.9275,5.4738,5.961,3.2333,5.4251,4.2566,4.314,2.0802,2.7507,2.2013,7.9105,2.8301,-0.0277,1.7432,1.9305,1.1204,-0.1189,-0.0732
198210,17.5935,13.3393,13.128,12.6468,11.7632,17.4012,12.2811,13.4424,10.9031,11.0294,14.858,13.467,12.4815,13.8385,12.5608,15.7556,14.8968,12.9681,12.8853,12.833,11.5116,11.3482,10.2618,10.6103,8.7713
198211,8.7521,10.6347,11.5294,10.2408,10.4542,9.7269,8.9722,8.041,7.391,8.8414,10.5604,8.7713,6.0431,5.1343,8.8461,7.348,6.983,4.2144,5.8516,7.2974,7.221,4.1766,1.2613,2.4866,3.163
198212,2.5117,2.148,2.2384,2.1506,2.3249,-0.1201,2.2719,0.9951,0.0056,0.8299,0.7365,0.399,-0.8216,0.2751,2.3493,0.9202,0.1385,2.438,0.4561,2.6453,2.3143,-0.109,1.1331,0.6066,4.1963
198301,13.4023,8.503,8.9081,9.1449,7.4021,8.0693,8.0288,3.5213,4.5766,4.7402,6.4971,2.8826,3.8554,3.1933,3.8644,4.8236,3.4321,2.3835,2.3678,2.0805,2.0603,3.0681,3.8624,6.6982,1.5673
198302,3.111,4.6449,8.2342,7.4738,9.1769,5.1222,5.0874,7.9231,6.0484,5.1975,4.8608,4.8546,5.4447,4.2113,5.3319,4.8927,2.9015,3.1264,3.3737,4.4774,2.4489,3.9466,3.0901,0.7214,3.4538
198303,2.7274,5.6359,6.7985,4.7872,7.1637,1.6932,4.0277,6.5737,6.9533,4.8358,2.1292,6.809,4.5702,7.6581,4.9482,0.6644,2.6598,4.6694,5.8904,5.1438,3.3492,2.5207,4.1075,2.9527,3.5974
198304,7.3114,7.3292,8.7098,9.0513,9.1046,7.9632,8.2554,8.9587,6.8924,7.9651,6.968,6.7668,7.2377,6.5617,6.4072,5.2444,5.7408,7.3807,6.8776,6.2267,6.546,6.1083,8.8683,8.5264,9.1978
198305,12.4677,10.2319,8.9873,8.6921,7.7722,5.695,6.1766,5.1598,4.1034,5.0646,5.4223,5.2742,2.692,2.1332,1.446,4.7567,5.5011,4.1988,1.5974,1.0414,-0.9271,-2.2479,-0.4211,-1.2835,-0.344
198306,4.1522,6.7287,3.6738,2.9522,4.3142,6.9736,5.4966,1.4548,3.6175,3.1313,4.8737,5.7225,4.6148,1.7983,1.1259,6.2646,4.7312,4.1021,-0.964,1.8766,5.9202,5.1767,2.7827,1.2791,1.8533
198307,-6.1018,-2.1124,-0.8783,0.7878,0.7115,-7.3793,-4.5167,-0.5536,1.803,0.8581,-6.1207,-2.8707,2.4757,0.8332,1.0157,-4.5156,-3.4099,-4.6852,-0.7824,-0.5698,-4.8247,-5.9942,-3.6663,-0.1805,-2.1845
198308,-6.1302,-3.4995,-2.5745,-3.6163,-1.1972,-5.3422,-3.425,-2.8523,-1.0488,0.7805,-3.8576,-4.0752,-1.5129,-0.8519,2.6381,-2.7387,-1.8196,-0.3936,2.4809,3.6887,-0.6284,-0.4424,0.3035,4.262,6.5737
198309,-2.99,0.169,0.3121,1.8247,1.6602,1.1644,1.4125,3.6059,4.9073,3.6063,2.2388,3.9296,3.1382,4.8818,6.7265,3.046,2.2415,2.9317,2.6985,1.5007,2.876,1.9052,1.9963,-1.1129,0.5811
198310,-10.3534,-6.1953,-5.3837,-3.5412,-2.9,-10.1702,-7.3545,-4.249,-1.5475,-3.1054,-8.311,-4.7479,-2.6058,-0.9134,-1.5559,-7.5535,-2.0048,-1.7865,-1.6267,-0.4166,-2.4482,-2.3656,-0.2689,-0.0104,-0.6767
198311,3.7246,3.5092,3.441,2.7524,4.2754,6.0365,5.1776,5.097,5.3612,5.0112,6.2419,4.0117,4.4622,3.9562,3.893,5.7789,2.4217,4.7116,4.5325,3.7993,1.2336,3.3284,2.7449,1.6252,0.7234
198312,-5.1295,-1.1065,-0.8386,-0.3037,0.7701,-3.1958,-1.2056,0.0445,-0.079,0.2439,-3.1159,-1.1856,-0.3758,-1.0682,0.9799,-3.1149,-1.091,-2.7514,-1.6117,-0.5361,-0.124,0.0117,-2.2105,-1.0459,0.5088
198401,-1.9102,-0.9955,0.6489,1.3858,3.1461,-6.199,-1.3298,-0.8665,0.0333,3.6575,-6.7973,-4.3442,-2.1072,0.3835,-0.0722,-7.7716,-3.6618,-1.702,-0.4771,0.4633,-5.7369,-0.7867,1.1785,1.6408,6.8324
198402,-7.4494,-6.7974,-5.1806,-4.3664,-4.633,-7.2417,-6.0016,-3.9733,-3.6394,-3.7417,-6.8055,-7.3464,-4.659,-4.4966,-2.255,-5.3858,-6.1357,-5.5249,-3.2073,-4.699,-3.7706,-6.0619,-4.1376,-2.5419,0.6412
198403,-0.9091,1.3869,0.5587,1.9696,2.159,-0.0399,1.2842,0.8638,1.2272,2.1145,0.407,1.2648,2.2309,1.3012,3.0488,0.4002,1.4792,2.8978,1.5429,4.2434,1.7833,3.075,0.0374,1.6441,-1.2503
198404,-3.8966,-1.8358,-0.5329,-0.0216,-0.951,-1.3168,1.4723,0.4716,0.1777,-1.1059,0.4851,0.9583,-0.1335,-1.3549,0.191,-1.7996,0.187,-0.4851,-2.2838,-1.8442,1.4616,-0.6652,1.2085,1.6368,2.3331
198405,-6.1726,-4.3659,-5.1124,-3.3627,-3.4725,-6.1982,-5.0529,-5.1038,-3.7351,-4.0053,-5.6648,-5.5059,-5.8179,-4.2221,-6.3191,-3.9101,-4.4867,-4.9164,-5.2872,-7.5474,-5.1812,-3.3334,-6.3724,-4.0124,-6.1644
198406,1.3379,3.5021,2.0739,1.5761,1.3146,3.9004,4.6784,1.8298,2.8057,1.0154,6.4029,5.2976,0.8645,1.5311,-0.6284,5.9518,4.8334,1.8093,1.7299,2.5471,3.4782,5.3065,2.0134,-1.0091,5.1177
198407,-7.1532,-5.0977,-4.5777,-1.8314,-2.168,-5.2769,-5.2775,-1.4228,-3.7884,-3.8261,-3.5125,-3.3574,-2.9824,-3.1724,-0.9706,-3.8427,-4.6249,-2.5122,-4.4951,-0.4935,0.34,-1.4032,-0.0098,-2.986,-2.3041
198408,11.484,11.7329,8.7025,6.8558,8.79,15.9523,10.4716,10.1406,9.1804,10.3774,15.5812,12.9519,10.732,12.203,9.4312,12.926,13.4089,12.4254,11.1187,9.9794,10.7231,10.1586,10.2268,11.5575,12.4685
198409,-2.6366,-1.6274,0.5317,1.3544,2.3699,-5.529,0.3432,1.8965,1.4912,3.1899,-4.0208,1.454,1.9147,1.996,3.5611,-1.5998,-1.6176,0.6593,1.4992,4.4734,-2.7413,-1.6342,-0.498,1.8657,3.1014
198410,-3.9255,-1.3423,-2.1974,-1.4145,-1.2958,-2.9984,-1.6394,-0.1243,0.8749,0.7374,-1.7611,-0.599,1.4962,-1.6782,1.4924,-0.3484,-0.1696,0.6914,0.3144,1.6904,0.8826,2.761,1.3051,-0.4372,-1.5342
198411,-5.655,-4.0641,-1.2544,-1.4964,-0.9927,-5.8008,-2.0017,-0.3692,-0.0167,1.2188,-3.9183,0.4151,1.2042,1.5784,1.9821,-3.5243,-0.6241,-1.0007,0.719,2.0313,-2.4423,-0.9692,-1.6542,-0.7234,1.4053
198412,0.5084,1.0584,0.9848,0.5274,0.7066,2.0736,2.3699,1.6817,2.4106,2.5332,4.6944,3.6395,0.747,1.7417,1.8839,3.0884,1.8336,2.2277,3.0169,3.5314,2.6036,2.3681,2.806,3.0701,1.3434
198501,15.9119,15.113,10.5651,10.0928,8.6086,16.181,13.0648,9.0481,9.8801,9.0527,13.6798,10.3784,9.7609,8.7694,8.1887,12.4232,13.0126,8.4275,7.8743,6.4025,9.5005,7.9747,7.4975,6.9228,4.4735
198502,3.7375,4.65,3.5386,2.6512,3.822,2.9061,3.1838,2.4622,2.0399,1.2319,2.1559,0.9187,1.2694,1.9245,-0.6134,2.3027,-1.0494,2.0029,2.5493,1.1719,0.274,2.693,1.5496,2.4895,2.7501
198503,-2.6003,-2.9224,-1.3044,-1.2498,-0.3421,-4.6508,-3.3862,-0.7745,0.4118,3.0122,-4.4262,-1.1264,-1.9807,0.7261,3.7345,-3.4337,-2.1323,0.1037,1.0698,4.3029,-1.397,0.9681,-0.7039,1.0786,1.562
198504,-2.1763,-1.6765,0.2271,0.458,0.2523,-3.1956,-1.4976,-0.1569,2.5027,0.6707,-1.0952,-1.528,-0.3564,2.6433,1.5041,-1.4491,-3.2324,0.5168,0.796,1.0626,-1.6393,-2.3662,-1.3281,1.2736,2.9059
198505,2.5517,4.1011,3.7283,2.7183,1.0869,4.0913,4.0859,3.3213,5.4285,2.9474,6.2757,5.7986,3.2996,4.4717,4.1974,6.5208,5.87,5.6414,4.4271,6.4995,5.7588,7.5886,8.6477,5.6598,4.5898
198506,0.5812,0.5529,0.9696,1.39,2.7484,0.8844,2.3763,2.4904,3.0761,3.5051,2.621,2.0274,3.9687,2.6669,3.3625,1.8733,1.8815,2.2635,3.5372,0.8992,0.6875,2.8474,1.3902,0.3459,2.3261
198507,2.5418,2.8855,2.4096,1.6962,2.0911,3.1919,3.3763,4.5672,0.047,0.8875,1.3498,2.8253,1.2961,0.9117,1.775,-0.5459,0.4118,1.117,-2.1051,0.8818,0.5774,-0.4716,-1.7845,-1.5005,-2.3639
198508,-1.6205,-0.9807,-0.7085,0.011,-0.8631,-1.9709,-0.8972,1.0085,0.392,0.3125,-2.3815,-0.8568,-0.0839,-0.601,0.5243,-1.817,-0.2391,1.097,-0.2656,0.2828,-1.7641,0.1579,-0.7077,0.3951,0.7948
198509,-8.0412,-5.78,-4.935,-3.926,-4.0665,-7.3923,-6.172,-3.3449,-3.5573,-5.3443,-6.8827,-4.3795,-3.185,-3.9877,-3.0778,-5.0315,-4.0728,-4.7601,-6.3535,-4.7379,-3.6483,-1.4507,-3.0356,-3.2714,-4.0215
198510,0.71,1.8675,3.6187,3.3257,1.8175,4.1098,3.6499,4.178,5.7893,3.1723,4.24,4.4096,4.3607,2.4039,3.4886,5.6865,5.3484,4.272,5.5031,5.0889,3.7316,4.3214,4.8707,5.883,6.3014
198511,5.4753,6.3753,6.4295,5.071,4.7038,9.3527,7.2121,8.1477,7.032,6.7039,7.532,7.3962,5.7747,6.4283,6.4653,8.7828,6.7809,8.301,5.4985,5.6288,10.021,8.1687,7.8337,3.9433,4.6884
198512,3.6553,5.2843,4.1022,4.0385,3.4071,5.164,4.2355,5.1506,3.7685,0.2863,5.8744,4.5748,2.746,2.6689,5.4637,3.7554,4.2864,2.8272,4.97,5.1762,6.8629,3.7452,4.8707,3.0815,4.3461
198601,3.8037,2.1069,2.6376,2.1326,3.0545,1.1084,2.2383,0.6826,0.214,2.4679,1.9573,2.95,1.5708,2.2039,2.8456,1.1549,0.5031,1.8553,2.721,3.441,0.4269,1.3437,1.6802,-1.4396,1.4471
198602,5.8534,6.5019,6.6165,7.8843,5.492,7.4479,7.1601,7.01,9.5055,4.9543,6.9533,9.5483,7.6447,7.2499,6.7279,7.8931,9.5503,7.0059,7.2551,7.551,7.598,10.1226,8.7234,6.4682,7.186
198603,4.5877,5.4588,5.0626,4.6307,6.5257,3.6044,5.1696,6.0783,4.9449,6.358,4.7421,7.3299,4.8319,5.6171,5.5487,5.6352,5.3175,6.6132,4.0467,4.8973,5.9924,7.3229,5.43,4.8379,4.4592
198604,2.6906,2.3817,0.9616,0.3952,0.4363,2.4142,2.0554,-0.4295,1.0538,-1.6131,1.7408,2.3845,1.0909,0.6364,-1.3082,1.8139,-0.1171,-1.783,-2.5066,-4.8838,0.4027,-0.9775,-2.3534,-2.6988,-2.7394
198605,4.1475,3.486,4.4279,3.8707,3.8557,3.2838,2.3898,4.9607,4.429,2.1714,6.1591,4.2024,6.2895,5.553,3.4262,6.2659,3.859,5.6523,4.4088,4.2566,5.211,6.3138,3.5011,6.5076,5.6037
198606,0.1745,-1.6596,0.0414,1.3846,2.0164,0.6383,0.1838,2.6363,1.7961,2.37,1.305,-0.7787,2.122,0.4111,2.7334,1.5269,1.0197,0.1045,3.7681,1.1767,2.1942,2.0792,0.9731,0.681,2.9899
198607,-10.139,-8.4687,-8.399,-6.2218,-8.9156,-11.4446,-9.765,-8.8535,-4.9581,-6.8337,-9.8276,-7.7321,-8.071,-6.0424,-5.5407,-8.699,-7.6578,-7.0579,-3.9741,-4.3608,-7.1055,-5.9131,-4.8296,-2.6011,-2.7107
198608,0.2432,0.6081,2.1738,1.8617,1.6276,2.4912,4.4159,4.2319,5.5359,4.5537,4.1334,3.7563,6.3684,7.3193,8.7533,4.2307,6.3714,7.0172,10.1323,9.449,4.3954,6.5004,6.1097,10.3182,10.7749
198609,-8.0197,-6.2619,-5.5669,-4.4856,-3.252,-8.8752,-5.8723,-4.7034,-2.5548,-5.6579,-8.274,-7.7703,-4.3423,-4.7871,-5.2037,-9.1987,-6.1049,-7.033,-7.0032,-6.0343,-10.4083,-10.942,-7.7513,-8.0021,-6.3872
198610,2.0673,3.1114,1.8641,3.1059,0.8442,6.4317,4.417,3.23,2.8399,1.5138,5.8888,2.3985,1.512,2.0328,2.3261,5.8076,6.4289,5.4435,6.0269,4.3386,4.9879,7.0332,6.7254,4.6317,5.962
198611,-2.2259,0.1997,0.4658,-0.1131,1.3524,0.2562,0.2249,-0.3594,-2.0615,0.179,0.1708,0.3731,-1.2585,1.2587,-0.4912,1.2938,1.3226,1.5166,-1.1264,1.3044,2.674,1.8745,2.7727,2.5656,1.5893
198612,-5.428,-2.1772,-3.6647,-1.7784,-3.2814,-3.2256,-1.7496,-3.4558,-3.1383,0.8583,-2.5653,-1.7752,-3.723,-2.171,-0.7893,-4.5269,-2.9862,-2.8081,-2.3785,-3.1947,-1.7337,-2.5108,-4.3073,-2.872,-2.9283
198701,11.192,10.3774,10.6246,9.966,9.4177,13.6119,12.4657,10.5717,9.5335,11.1488,13.5562,13.2625,8.756,10.5075,10.1086,14.2569,12.1386,10.3886,11.9355,11.6042,13.4808,16.5312,11.6934,12.5086,11.98
198702,10.7836,8.447,6.9019,7.2022,6.4421,9.6095,9.3057,6.3491,6.0269,5.5753,8.8937,8.2457,5.313,4.2288,4.561,7.152,7.062,6.4531,3.4319,2.6058,8.1973,5.9703,3.0529,-0.4925,-1.0179
198703,2.1786,3.8796,2.2459,3.4825,4.582,0.7362,3.3694,1.5532,2.7594,3.5096,0.7077,1.348,1.6183,2.6124,3.8533,1.8781,1.6581,1.7928,1.9251,-1.3073,1.499,2.2655,0.6464,3.0252,4.7937
198704,-2.2885,-2.3838,-2.3587,-0.6886,-1.2751,-3.9106,-2.5391,-2.8342,-4.2937,-4.91,-2.2484,-2.19,-4.4722,-1.8935,-2.9148,-3.3644,-2.5523,-2.5716,-2.013,-1.6438,-1.3348,-1.1568,-2.2143,-0.8533,-0.3466
198705,-0.1912,-1.386,-0.0648,0.6441,3.2838,-1.041,-0.0277,-0.0149,0.2328,0.5061,0.7228,0.4388,-0.806,0.3645,-0.0786,1.9844,0.47,-0.3637,-0.5727,0.8003,1.8483,-0.5479,-0.3681,0.7871,0.5162
198706,-0.216,1.5196,3.0966,1.9374,4.5629,1.7538,2.9621,3.6007,2.3264,4.1191,2.2038,2.0268,5.777,5.6495,2.6512,4.8682,3.2403,4.2415,4.0947,3.7522,4.7115,5.4204,6.102,5.057,5.3683
198707,1.7526,1.9684,2.1256,2.9325,5.3373,2.2176,2.0232,4.0063,3.3563,5.9744,2.3361,4.5959,3.9207,3.5334,7.2924,3.7629,4.9787,4.7429,4.4782,4.9165,5.9681,3.1369,6.6131,2.1907,3.0555
198708,0.7878,2.2766,2.6744,2.8221,0.6267,2.7865,3.6848,4.0056,2.2645,4.2577,3.9387,3.323,4.6314,3.4681,0.9341,4.9237,4.3009,3.5592,3.5613,1.646,4.9123,5.2526,4.0268,4.3558,2.6054
198709,-2.9045,-0.3504,-0.9337,-0.5528,-1.0186,-2.0497,-2.4933,-0.7266,-0.5745,-2.7181,-3.2922,-2.3265,-2.0313,-2.3201,-0.9166,-1.9165,-1.1271,-2.3279,-1.7302,-0.1764,-2.2257,-4.0791,0.0955,-2.2013,-2.718
198710,-34.2247,-30.8197,-29.0437,-28.9188,-28.6243,-32.6923,-31.9529,-28.54,-24.6701,-29.2493,-29.6531,-28.7761,-24.774,-22.5639,-26.5432,-26.1285,-29.0292,-24.4875,-19.0873,-23.4331,-21.6599,-22.4611,-22.0907,-14.766,-18.7622
198711,-8.4268,-4.9208,-4.8883,-4.4308,-3.7704,-7.0804,-5.1479,-3.5929,-3.0807,-2.8118,-6.5118,-2.5303,-3.0172,-3.1669,-4.0964,-6.4276,-6.0655,-6.4564,-4.4226,-2.3094,-9.6228,-8.3103,-8.0208,-7.8678,-7.3653
198712,2.8954,5.1494,5.492,4.7283,3.245,11.8181,9.2285,6.7548,7.4084,5.1899,12.0493,9.7181,6.3354,4.8104,6.8023,12.7418,10.9298,9.7374,3.897,4.0095,8.3851,7.3394,7.6696,3.4526,6.2493
198801,6.1185,6.9306,4.4677,4.9174,6.0956,1.8126,3.5185,4.9904,4.2139,7.0384,1.2891,3.5926,3.8527,7.8238,6.12,0.1345,4.7798,4.5972,5.7765,4.7899,2.2159,1.5633,5.2982,9.0457,8.8635
198802,6.0707,7.8268,7.6193,7.6904,7.6333,8.4201,12.0815,7.8842,8.6821,8.2214,8.6703,7.9219,7.1373,7.0334,5.9972,8.7505,9.3756,6.3549,5.1509,6.1982,4.5821,5.463,4.7845,1.6828,2.8413
198803,4.2912,5.4953,6.3486,5.3239,4.602,2.3213,6.8207,3.9002,3.0962,4.5627,2.6479,1.0669,1.4894,-0.1647,1.32,-0.9561,1.2722,-0.0428,-0.0465,3.4601,-4.6036,-4.2393,-3.9809,-3.8858,-0.699
198804,0.9312,1.3665,2.6175,1.06,4.1077,2.0943,4.6973,2.8407,2.0151,2.3705,-0.7305,0.2447,2.3395,0.0073,2.4446,0.2206,0.7648,1.0739,-0.6682,0.7808,-0.7834,1.0224,1.5604,2.3749,2.2397
198805,-3.6038,-2.0029,-1.0355,-1.7175,-0.8619,-4.4077,-2.3919,-2.8029,-1.0103,-1.0006,-0.8206,-1.7089,-1.1422,1.6205,0.9572,-0.821,-0.6994,-0.6664,2.2035,1.2384,0.0785,0.3324,-0.0915,2.4936,2.2026
198806,6.4538,6.7849,5.8828,6.5023,4.7874,7.4678,11.3017,7.9449,5.5246,8.583,6.7696,7.4921,6.5834,5.9296,5.87,7.3793,6.5122,6.8006,4.0467,8.3733,4.1848,7.1994,5.4053,3.0585,2.989
198807,-0.8311,-0.6109,-0.7125,1.1594,-1.2683,-2.7336,-2.1926,-0.0067,0.3568,1.1404,-4.1381,-1.7375,-1.6029,-0.0509,-0.3723,-3.2346,-3.4239,-0.8126,0.0734,0.2815,-1,-0.8967,0.4257,0.1091,0.9321
198808,-4.026,-2.3244,-0.9615,-1.5723,-1.9398,-4.3058,-4.4188,-1.9188,-0.8675,-1.0971,-4.1183,-2.5717,-2.0748,0.1767,-1.0598,-3.7027,-3.156,-1.0971,0.1742,1.3512,-2.8425,-5.1194,-2.3686,-1.4478,-3.1019
198809,0.943,3.3273,2.5049,1.9642,2.4426,2.8181,2.7321,2.8601,2.9513,2.9216,3.6269,2.0708,2.6931,1.547,3.2857,4.5525,1.4394,3.8891,1.9848,4.6605,5.7452,5.4348,2.026,4.071,3.977
198810,-2.9309,-1.9126,-1.1038,-2.2518,-0.9302,-2.2695,-0.4054,0.4677,0.0429,-0.6608,-1.6778,0.0857,0.9739,0.6807,2.7324,-1.4493,0.8844,0.8244,1.0912,2.5515,1.8419,5.5782,1.6283,2.3767,4.3417
198811,-4.8291,-4.7228,-3.4797,-3.4484,-4.077,-4.1001,-3.3395,-1.8389,-3.4371,-2.1224,-2.8951,-2.7295,-3.7691,-0.3638,-1.4542,-1.598,-2.5874,-3.5039,-1.7011,-1.0636,-1.8844,-1.0385,-1.8803,-0.4481,0.3438
198812,1.7847,4.4975,3.2132,4.9408,2.5039,5.1667,4.3269,4.0023,4.9712,2.7285,4.3711,4.2658,3.2478,2.2447,2.7959,3.2058,3.1254,1.3777,2.1083,-0.8352,2.651,2.0552,1.7397,0.5584,0.4246
198901,5.0691,5.9767,4.4549,4.5717,5.425,3.8161,4.8888,4.7829,3.8555,7.3638,4.8218,4.9775,4.9883,3.9081,5.4843,4.8748,5.6049,6.1401,5.8396,8.4822,7.7199,6.9228,6.427,6.4673,8.2568
198902,-1.1268,0.1307,0.9244,1.3932,1.368,0.9213,1.7656,1.4501,1.0473,1.8119,0.1125,0.8344,0.2218,1.3631,0.0989,-0.3051,0.1593,-0.9619,0.3443,1.4227,-3.0851,-2.9059,-2.5751,-1.6499,-2.5818
198903,1.067,2.8544,4.9101,2.3489,2.9597,1.7331,2.2328,2.4215,1.6391,3.3458,2.3216,1.2921,1.5139,3.5066,2.5274,-0.3329,1.7924,3.1026,0.6394,3.4268,2.91,0.5538,3.9251,2.7463,1.1935
198904,2.813,3.0511,3.8814,2.3461,2.827,4.6242,4.9429,5.0799,2.6551,5.3643,5.5725,4.6077,4.6463,4.1056,3.8307,6.388,5.2479,3.9411,5.4381,5.5535,6.1168,5.1681,4.9411,4.4452,3.6675
198905,2.6459,5.8866,2.5111,3.9112,3.5872,5.2189,2.3707,4.5324,3.6801,3.6697,5.7948,4.5068,3.8156,4.1726,3.943,4.4761,2.6668,3.3128,3.9851,6.2669,4.7183,3.0443,4.4718,4.3268,3.3304
198906,-3.3412,-1.7551,-2.5237,0.8118,0.6146,-4.6648,-1.4813,-0.85,-0.595,-1.7944,-3.3629,-1.6776,-1.2517,0.4359,2.1727,-1.9497,-1.4396,0.1404,2.0834,3.5277,-0.6058,-0.2411,-1.2098,-0.6552,0.7936
198907,2.8048,4.7519,2.4483,3.0712,1.6626,5.2545,4.9507,3.1117,3.5352,3.6553,5.3708,4.8608,3.2364,5.0221,3.6727,8.2734,8.5722,6.2747,5.8397,6.6458,11.6267,9.5939,7.0697,7.5384,6.681
198908,2.3111,0.0675,0.6142,2.4146,1.733,3.1475,3.0326,3.2149,3.7176,2.2324,3.1209,2.753,5.1377,3.0691,2.0274,3.5284,3.7909,3.6381,3.4739,1.5623,-0.1202,2.3079,2.8756,1.8298,2.9389
198909,1.1601,-0.5885,-0.161,0.4457,-0.5223,2.0238,0.1885,0.9684,0.8511,-0.6023,1.6456,-1.4715,-1.3317,-0.3538,-1.398,0.2482,-2.9273,-3.4411,-0.7375,0.4981,1.0627,-0.8794,0.0979,0.7924,-0.5005
198910,-4.9781,-5.5643,-5.157,-4.4375,-6.7809,-5.2167,-6.9173,-4.9013,-5.8696,-7.4054,-3.9162,-5.8364,-6.445,-4.9531,-5.1157,-2.9718,-3.9317,-6.6576,-3.1315,-4.4502,0.1327,-3.5158,-2.8886,-3.1029,-0.249
198911,-0.6151,-0.0249,-0.6875,-0.0789,-1.1008,0.3335,1.4229,0.7075,1.5088,-1.0352,1.5046,2.5521,-0.2913,1.111,2.2026,2.1134,2.1076,0.2693,0.5943,0.9515,1.9121,2.3745,2.6308,1.2603,1.1174
198912,-0.8807,-0.966,-1.0376,-0.7842,-1.7104,1.0673,-0.0779,0.7313,1.0991,-0.2813,0.2659,0.4651,-1.4394,1.8107,-0.3476,2.6415,2.2035,1.4826,1.2679,2.2991,0.6833,0.9755,4.4408,5.0001,1.0197
199001,-8.2625,-7.395,-5.1218,-6.7942,-6.3221,-8.9337,-9.6395,-7.4902,-7.905,-8.8861,-9.9801,-9.2052,-8.0755,-6.9114,-7.7834,-7.05,-5.6192,-8.5891,-8.4749,-9.9357,-7.7663,-5.7797,-7.1206,-7.2721,-5.7777
199002,2.0246,2.0668,1.2564,3.3711,1.5517,3.544,3.6502,2.9273,3.3791,2.1464,3.0808,3.8393,2.2388,1.1904,2.9487,1.5729,1.4407,1.504,1.789,3.5044,-0.078,1.8414,2.4395,1.3139,2.1027
199003,4.2406,2.2525,2.3427,3.7544,1.466,4.8192,4.8482,5.0459,3.2311,1.872,5.0113,3.0411,3.0041,1.0232,-0.6005,3.8995,3.7706,2.132,1.768,-0.0864,3.8656,3.8505,0.2539,0.5918,1.1352
199004,-2.3233,-2.5215,-1.9421,-2.5471,-3.552,-4.0106,-3.7126,-2.0143,-2.7533,-5.7169,-2.1156,-1.9032,-3.4323,-5.6088,-5.6062,-2.9048,-4.3359,-5.7948,-5.4389,-6.0583,0.4041,-1.3318,-3.8614,-4.1426,-4.1662
199005,8.4987,6.5532,5.9875,4.2398,3.7148,10.347,8.8946,5.7902,5.6548,3.6664,9.0423,8.8795,7.6287,4.5913,6.3506,10.8568,8.5648,10.3715,7.3945,8.3733,11.6485,10.9442,7.6058,6.4053,7.829
199006,1.2224,1.9346,2.5049,0.4409,-0.2409,-0.0361,0.8807,-0.9837,-0.4647,0.0393,2.0132,0.6916,-0.4381,-1.4337,-0.3763,0.2601,-1.928,-1.9088,-1.6217,-0.377,3.4328,-2.1308,-2.4068,-3.4333,-0.3027
199007,-4.5702,-5.1825,-3.7133,-2.905,-4.7435,-5.9196,-3.9731,-4.3285,-2.5174,-4.4338,-4.2206,-1.4129,-3.403,-4.7617,-4.2529,-2.3099,-0.8204,-4.0177,-2.3377,-2.6365,-0.8546,-1.4896,2.105,-1.3959,-2.0321
199008,-16.4847,-14.5303,-12.5869,-11.0252,-12.3863,-14.483,-13.6245,-12.4003,-10.5352,-11.2468,-13.9372,-13.5858,-10.8352,-9.0716,-9.8192,-9.863,-11.2551,-10.8454,-9.4402,-10.6008,-8.6799,-10.0794,-6.6964,-9.5301,-10.5847
199009,-10.4872,-9.4582,-8.0192,-6.8965,-8.8166,-10.3259,-9.1862,-8.5363,-7.0984,-8.4308,-9.1694,-7.2512,-6.7,-8.2334,-8.1363,-5.8589,-6.3287,-10.0326,-6.424,-8.2105,-5.2109,-5.0052,-1.7122,-6.6208,-7.4122
199010,-6.5691,-6.6941,-6.2722,-5.7377,-7.3324,-7.1492,-5.2179,-4.3036,-3.9743,-7.8502,-4.4832,-4.9188,-4.1542,-2.5414,-4.7171,-0.9601,-3.3818,-6.9846,-1.4214,-2.5323,1.6121,-1.5247,-1.1161,0.4445,0.9417
199011,3.602,5.2765,3.8921,2.9697,1.609,12.03,6.1562,7.2285,6.8497,4.2901,11.1313,9.3047,7.7149,7.8849,7.0989,9.2404,7.9061,10.7344,9.0822,6.2942,6.4143,7.6734,5.9771,6.2189,4.3463
199012,0.5045,-0.3487,0.2679,2.1381,0.3457,4.0327,5.8435,4.4717,3.966,3.9081,6.8218,4.3837,3.4167,3.8999,3.2938,4.104,3.8202,4.88,4.4928,3.4475,3.3185,3.7061,1.6421,2.4046,0.8058
199101,7.8078,7.2785,10.9227,8.6093,11.2084,9.7392,6.8017,7.3375,6.4508,8.9301,9.5026,9.1503,6.9414,8.0614,3.6843,8.4197,4.0153,7.7781,4.3178,5.4343,5.2156,6.1018,1.752,6.025,3.9606
199102,14.3736,12.0798,13.685,12.2358,11.8219,11.8449,9.9758,10.3811,8.0685,13.7861,9.5794,10.6268,8.4992,8.4238,8.5327,8.4966,9.3505,8.6867,7.4624,6.5923,8.2012,6.9676,5.2124,6.0825,7.9574
199103,10.5559,8.4508,7.7637,6.5084,7.7549,7.4524,5.1974,5.7287,6.2922,6.3446,7.8151,2.8079,1.905,4.717,5.9985,4.9418,4.0251,3.2286,3.6147,3.1598,4.5381,1.9782,0.1845,1.7441,1.1927
199104,0.9904,1.0399,1.3253,0.4231,0.5375,-1.483,0.9038,0.9964,1.5731,1.6407,-2.8192,-0.6798,2.7042,2.4569,1.3879,-0.8536,0.7962,3.2381,1.7752,-0.5867,0.0305,0.0147,-0.0283,1.6354,-0.1641
199105,2.6667,3.7994,4.8037,3.4908,3.5084,5.2831,2.744,5.9424,3.3222,3.358,3.7734,6.6656,4.9472,4.4349,0.2358,6.536,2.9062,5.6498,4.6643,5.4532,3.9683,5.1923,1.7574,4.2744,6.9031
199106,-7.0239,-3.6536,-4.2954,-3.9239,-3.8709,-5.2615,-4.6164,-3.5738,-3.1567,-5.7028,-4.8155,-4.5317,-3.1906,-2.0852,-4.5865,-5.2659,-4.1726,-5.8559,-3.3286,-3.5305,-4.4053,-5.5565,-3.7761,-5.1281,-3.9635
199107,2.7855,4.1463,2.2342,3.4855,2.5087,4.127,3.7091,2.9331,3.9184,2.0056,6.1975,4.1097,3.8202,2.7972,7.3751,5.9402,3.8126,2.6571,4.5796,7.1372,6.4044,2.9916,4.8672,4.6713,0.8113
199108,3.766,4.9719,3.2811,0.8912,2.5648,3.9931,3.4467,3.787,3.1613,3.7228,5.4736,4.2741,2.5405,4.154,6.204,1.603,2.4907,2.8089,2.8636,3.1384,4.3292,0.5886,2.6484,1.4335,1.7558
199109,4.4078,2.4121,0.2351,0.3425,-1.4219,0.5631,0.66,1.9628,1.2018,-1.5709,-0.179,-0.2656,-0.7346,0.7083,-3.721,-0.2977,-1.646,-0.898,0.209,-1.0699,-2.1176,-1.2059,-0.99,0.5191,-3.8291
199110,6.7438,4.0546,1.7677,4.0238,1.2581,2.3269,1.5639,3.3132,0.3062,1.5758,2.6952,1.1519,1.2341,2.9572,3.6022,2.563,0.3487,1.4563,2.6295,3.4508,1.4452,0.9483,1.9438,3.2627,0.4944
199111,-2.1445,-2.9477,-4.2172,-3.3929,-2.7336,-4.7847,-5.8465,-2.8323,-5.1671,-6.9437,-3.5552,-4.6545,-3.7033,-5.0967,-5.7455,-2.3409,-4.9034,-4.0517,-2.8979,-6.2634,-1.1949,-5.4794,-5.536,-3.7224,-8.3265
199112,6.6563,3.5,5.4692,4.5854,4.8294,11.445,6.8582,5.4898,6.002,7.9159,14.6637,10.8857,7.6545,9.7803,11.1586,13.2898,9.0272,10.0435,8.4993,11.0081,15.3949,8.9196,8.3596,6.908,12.8637
199201,14.5367,15.8145,8.4496,13.657,16.4923,8.3389,4.6346,6.2605,7.7161,9.6148,1.5431,4.9702,4.9276,5.6838,9.2883,-0.2301,1.8174,1.332,0.5486,6.2949,-3.1964,-2.055,-2.4594,0.0073,6.7812
199202,-0.0566,4.9023,3.5106,4.9843,9.9959,0.271,2.5858,1.5395,4.6257,6.4159,0.055,2.6147,3.6092,2.8573,8.8931,-0.4927,2.9895,2.8311,2.2623,4.9001,0.1191,-0.4518,1.9312,4.2604,10.1094
199203,-6.547,-5.631,-2.5946,0.0123,-1.1008,-8.1263,-2.615,-1.612,-0.5583,-1.1267,-5.2401,-2.1592,-0.3003,0.0841,-1.5204,-5.6505,-1.0957,-2.7791,-0.8686,-2.2911,-2.8032,-1.7791,0.1312,-1.5094,1.2247
199204,-10.0691,-3.7548,-5.0441,-4.6047,-2.5932,-6.328,-3.2894,-2.5544,-2.5689,0.4598,-5.4329,-1.5207,-1.3473,0.4726,2.5799,-1.9678,0.8553,1.7007,3.4951,3.9189,-0.1888,5.4594,5.4749,3.2759,7.5061
199205,-1.5023,-0.0721,0.0766,-1.3064,1.5819,-0.1827,0.3311,2.0331,0.752,4.0268,0.0449,-1.1611,2.1344,0.8004,3.6567,0.077,1.0677,1.6084,0.6079,-0.004,1.1937,0.3457,-0.0847,0.087,-0.0011
199206,-8.9678,-5.3473,-5.0985,-4.8274,-4.506,-5.3526,-6.1305,-2.4596,-3.4389,-0.7644,-4.7987,-3.9986,-2.2323,-1.3288,-0.5376,-1.7887,-4.3756,-1.4636,0.2245,-1.0486,-3.1033,0.1552,-2.2544,0.4079,0.7507
199207,0.7965,1.2278,1.7322,2.8869,2.7727,2.7682,4.1833,3.5084,4.3058,2.9988,4.613,4.7048,3.7315,5.2757,3.8739,5.2516,4.0804,3.6976,4.3115,2.1903,4.9618,3.5437,4.0402,4.7401,-0.289
199208,-4.7077,-3.2971,-0.9115,-1.8028,-3.2886,-4.1158,-3.1217,-0.6074,-0.2243,-3.758,-4.0971,-2.4047,-2.2825,-1.2,-3.1016,-1.139,-2.6648,-2.2567,-1.4762,-4.4206,-0.6119,-3.0864,-1.2147,-3.1692,-8.3701
199209,0.4145,1.5309,1.8581,2.2653,1.0987,1.5905,1.6888,4.5065,2.272,1.914,2.8834,2.6911,1.3029,0.5365,1.4536,0.7981,3.4831,1.8602,1.0054,0.556,0.7226,3.4344,0.4322,1.1031,0.1727
199210,2.7219,1.8222,2.5951,2.0539,1.6891,4.6775,4.4411,2.3205,1.214,2.9743,5.6581,4.0471,1.8569,2.5374,1.4526,4.6481,0.7527,1.0936,2.1879,4.8479,2.0677,1.4913,-2.5413,0.1829,0.0432
199211,10.6723,10.7815,8.1716,8.3468,7.931,9.2875,8.1363,6.5397,4.6756,7.2412,9.6034,6.3733,6.2158,5.0442,4.4722,7.0382,4.9445,4.0173,2.9459,3.6701,3.693,4.9111,1.0371,2.9289,8.3435
199212,1.5855,3.1744,5.0702,4.4204,4.9833,1.5569,2.3806,3.4223,6.3827,5.1768,3.4024,5.4744,2.8795,3.7549,5.0455,1.1647,2.6279,3.7152,4.1848,4.3842,-0.6968,3.5724,0.9703,2.9948,3.0047
199301,2.4608,5.4725,4.2858,4.7368,8.0928,-0.7188,3.259,4.1829,4.5138,8.0583,-2.3117,4.0737,4.1066,3.5268,3.6915,1.1841,1.6302,3.1193,2.6851,4.7848,-2.4021,1.0431,0.9805,3.3586,8.9859
199302,-7.6807,-5.0112,-2.0994,0.0157,0.7118,-7.9791,-4.6344,-0.6209,2.5776,1.4501,-8.1085,0.2537,1.2319,0.765,3.1,-5.0394,1.917,1.8019,3.1136,2.072,-3.0192,2.2521,5.0714,4.6731,2.1205
199303,0.9454,1.9484,3.1577,2.5871,4.7247,0.6202,2.6093,4.0478,2.5925,4.1074,4.9803,3.1312,3.1793,3.3864,5.4681,2.4929,4.8358,4.261,3.4168,1.8486,0.7247,3.5889,2.7539,1.391,3.5016
199304,-4.0885,-4.2183,-3.2282,-2.2121,-1.276,-2.9417,-3.2206,-2.2501,-2.3094,-4.3051,-4.7601,-2.5137,-2.37,-1.6832,-1.931,-5.0462,-2.426,-1.9974,-1.4933,-1.7563,-5.9741,-2.2126,-0.2654,-1.4905,0.8404
199305,5.8551,4.2902,3.8077,2.8511,4.6522,6.9739,4.6149,3.0923,2.0234,4.1971,7.8494,6.0107,3.9189,2.3116,2.1803,6.8674,3.9655,2.3077,0.9787,2.692,3.1333,4.561,1.5999,1.2446,-0.3743
199306,-1.3999,-0.1733,0.5544,-0.6075,1.7901,-0.594,0.5507,0.4312,0.6832,2.6452,-1.1362,0.8427,1.1098,2.7124,1.2374,0.7882,0.6372,1.8614,1.2207,3.8467,-2.4587,1.2026,1.0329,2.7396,4.7091
199307,-1.375,-0.444,1.0272,1.8828,3.1575,0.4746,-0.1678,1.7696,1.954,2.6057,-0.96,-0.0814,1.0924,2.5802,-0.4802,-3.331,1.7203,1.1021,2.5615,1.3985,-3.12,-0.1918,2.1173,1.5473,-0.2615
199308,3.721,5.5643,3.5611,4.0467,2.8846,3.4304,6.0332,4.8747,5.1526,3.5113,4.0157,4.9183,3.892,3.1,2.3349,5.8339,4.2405,4.3318,3.7993,4.9704,3.5243,2.5949,3.9348,4.1349,4.0695
199309,2.3688,2.0851,3.1599,3.084,3.0213,3.6872,3.6306,2.5647,2.4458,2.319,4.1351,1.0754,1.2949,1.0385,0.3331,0.5686,1.4524,0.9977,-1.0718,-0.5317,-1.3242,-1.6335,0.3232,1.4279,-0.6819
199310,5.4419,5.0812,4.4392,4.5559,4.2186,4.0224,1.6642,1.9241,0.9628,0.6302,2.2834,-1.078,0.268,-0.2972,3.1582,3.4029,0.5475,-0.0822,-0.6376,-2.2635,4.7734,1.375,-0.7833,-0.4885,-0.5826
199311,-4.1451,-2.7485,-1.8125,-2.1307,-1.8253,-3.2226,-2.4279,-2.4173,-4.3877,-4.1635,-2.5141,-2.0101,-3.2075,-3.361,-0.4635,-2.3144,-2.512,-2.5762,-2.2404,-5.5921,1.8089,-1.9616,-2.0869,-3.9302,0.8255
199312,0.9364,0.4734,1.8489,1.3742,1.1175,2.3037,4.4917,4.7004,1.8989,3.836,3.7173,6.2728,5.3356,5.1686,2.257,4.0909,6.445,3.8577,3.0142,2.6622,0.2065,2.2361,0.8367,1.235,1.7292
199401,2.6677,6.4324,5.6076,4.6377,5.821,1.3968,1.7023,2.2365,2.6021,4.9158,1.6457,2.1364,1.3643,3.1974,6.2414,2.5632,3.0566,5.1342,3.2826,1.8777,1.6534,4.7549,4.2499,2.9345,2.8786
199402,-3.0213,1.3675,0.6697,-0.0098,-0.1674,-0.6819,0.1041,0.0942,-1.8509,-1.0546,-0.6349,1.5345,0.6828,-1.3779,-1.3658,-1.4114,0.32,-1.2238,-2.482,-5.4392,-1.7958,-2.0759,-3.7272,-5.3428,-4.8768
199403,-7.8346,-5.0729,-4.7921,-4.4563,-2.9121,-7.0686,-5.5165,-5.1071,-3.9602,-5.423,-5.6445,-4.8168,-4.5091,-4.3092,-5.0486,-5.8863,-4.9576,-4.8668,-3.0639,-1.3979,-4.8162,-3.9767,-3.349,-3.918,-3.8601
199404,-3.9564,-0.0686,-1.5497,-0.8183,0.7183,-1.0533,0.7662,1.1946,1.8116,1.9013,-1.2888,2.0735,1.2007,1.0459,1.1015,-0.1116,0.4663,1.1386,1.7399,2.2119,1.2312,0.2733,2.2597,1.6149,2.0099
199405,-2.61,-1.9437,-1.4008,0.0473,-0.3873,-2.3628,-2.5923,-1.2171,-0.4586,1.3603,-2.1779,-1.5111,0.5388,-1.2237,0.3426,-0.2194,-0.6283,1.2782,-0.9084,-1.8666,1.029,2.7345,2.6588,0.0329,3.4674
199406,-6.6333,-5.2209,-4.4816,-2.1774,-2.0116,-5.7761,-2.869,-0.2097,-1.6269,-0.9038,-4.1903,-2.8457,0.098,-1.7032,-1.8012,-4.9467,-1.785,-3.405,-1.8767,-3.557,-2.8632,-2.6275,-2.2169,-1.282,-3.8089
199407,0.3774,0.2738,-0.7964,1.0636,1.1634,2.2628,2.4823,1.694,2.5456,2.3509,3.686,1.6241,0.824,3.9207,3.584,2.1301,4.0592,3.3883,5.0489,3.9077,3.0449,2.9233,4.4093,3.9143,1.34
199408,3.7046,3.9426,5.3284,2.5387,2.8409,9.5543,6.0153,4.2212,3.9693,4.7542,9.8619,5.1981,4.4313,3,5.1805,7.9129,4.7746,3.1032,3.0806,4.4901,5.2598,3.5449,1.8457,3.8475,3.4448
199409,0.8902,1.9639,0.8585,2.7357,0.8558,-0.0324,0.7807,-1.2429,0.806,-1.474,0.8864,-0.7888,-2.022,-1.7023,-1.0563,-0.9259,-2.0586,-2.8181,-3.3694,-2.6202,-1.2236,-3.5498,-2.4707,-4.1061,-6.3744
199410,-0.7897,1.21,-0.588,1.2554,0.1226,1.6913,-0.0829,-0.0978,-0.534,-3.8288,3.1303,-0.4086,-0.2452,-0.7165,-2.6165,0.828,1.2511,1.1356,-0.9241,-1.9772,2.3974,2.343,3.4912,1.8199,2.6785
199411,-4.4879,-3.202,-2.6975,-3.2503,-3.0964,-2.933,-3.8413,-3.6864,-4.1863,-5.0853,-5.7082,-4.2434,-4.5797,-2.7758,-5.173,-3.801,-3.7857,-3.7616,-3.9559,-5.4026,-2.0871,-5.2425,-2.8014,-5.1475,-2.6249
199412,-2.7938,-0.9523,-0.291,0.0184,-0.1626,1.5994,2.0779,2.5177,2.5787,1.1818,1.8564,3.4793,1.9674,2.6903,4.7352,1.9509,1.1168,0.0238,1.0284,1.1917,1.5927,1.0624,1.0783,1.1109,0.061
199501,1.1775,2.4333,3.0689,2.4023,2.32,-2.008,-0.2682,-0.1047,-0.4606,0.2267,-1.4772,-2.2863,-0.5181,0.0106,0.3236,0.2127,1.4059,0.8898,3.681,4.658,2.7367,1.7081,3.588,4.3581,6.7252
199502,2.3244,3.9361,1.8057,2.2195,3.293,3.3403,4.3547,3.4862,3.0726,5.9161,5.4621,5.8888,4.1724,4.719,5.3114,4.2765,4.7684,5.0708,4.2083,4.8352,3.5399,4.6547,3.0685,3.578,7.4872
199503,0.8161,1.4749,1.2459,1.0678,0.8019,4.4404,1.1467,2.6803,2.0309,2.06,3.605,2.538,1.856,0.1312,1.1513,3.1472,3.3665,2.7967,1.4375,0.6319,2.6921,3.9002,3.5668,0.4264,0.951
199504,1.6848,2.8177,3.3369,2.4768,3.8913,-0.1221,1.5532,3.4841,2.2489,3.4953,-0.068,2.483,1.9096,3.6351,2.0943,0.5775,1.6643,3.4151,0.9133,3.743,2.6804,3.2861,2.5412,2.3695,6.2731
199505,1.568,2.3258,1.9259,1.4437,3.2097,1.0001,1.4463,1.6944,2.7336,2.6483,2.1169,-0.3192,1.9095,3.0647,2.9951,1.9844,1.3856,2.6381,3.6344,5.0562,3.8565,2.8814,4.4858,6.3567,6.1807
199506,7.8662,6.8648,6.9737,5.0354,5.2818,10.0573,4.3678,4.623,4.0572,4.891,6.556,4.4362,3.1427,3.0883,2.0806,6.7941,3.05,2.7088,2.5199,2.8052,3.3619,2.6621,0.0637,1.5395,1.6935
199507,7.1649,6.8279,5.1379,4.8003,4.9112,9.0415,6.5363,3.7547,5.2329,4.9665,8.2326,4.9814,4.6495,4.0526,4.6692,8.0753,4.595,4.1673,4.2632,3.8321,2.9617,4.1024,4.0516,2.8033,3.215
199508,4.14,4.6027,4.3948,3.8411,4.208,0.7037,1.8065,1.1494,3.5948,3.4452,0.3401,2.1425,0.8371,4.1728,3.1193,0.0723,0.826,2.4664,2.2359,4.5299,0.0089,0.2692,0.1295,2.986,4.0701
199509,3.3015,2.9616,1.9978,2.0296,2.3901,1.9186,1.389,2.2157,2.9334,0.5462,2.2929,1.1623,1.515,2.2693,1.047,3.5247,2.0774,1.1561,2.0047,3.5726,5.4708,2.8166,3.4139,4.9283,6.9432
199510,-5.9845,-5.8328,-5.0052,-3.5875,-2.7921,-6.927,-6.7334,-5.5807,-4.997,-5.098,-2.6847,-4.0927,-2.6041,-3.0152,-2.7688,-1.8403,-4.3056,-2.5029,-0.8499,-1.1066,0.3172,0.6896,0.8025,-3.1515,-3.5706
199511,1.7814,2.5431,0.6348,2.4497,1.5584,4.9016,5.035,3.8989,4.5369,6.0993,6.4901,3.5107,3.8859,4.7239,5.0558,4.2395,4.9767,3.6676,4.7214,4.7662,4.9408,1.9634,4.8563,5.1421,4.822
199512,2.5309,2.9337,1.8547,1.3136,1.4369,2.9293,2.2132,3.4571,3.0703,3.3172,1.6447,1.8688,2.4745,3.0725,1.5051,-1.5667,0.6397,1.343,0.3059,0.3866,1.1532,0.9499,3.7155,0.8343,1.9375
199601,1.5706,0.3603,1.5676,1.6362,0.7332,0.0741,-1.2493,0.5155,-0.5505,0.5196,-2.0393,0.2763,-0.1653,0.8125,0.8376,1.6592,2.1318,1.7447,2.1926,1.0938,3.9915,2.4212,3.3842,2.8528,4.4594
199602,3.8747,1.1185,3.9416,2.0657,3.3986,5.3519,5.7338,2.0452,1.7889,1.314,4.8664,4.0365,2.2855,2.6325,1.5743,5.449,1.0903,0.3721,1.6198,-0.7842,0.5824,2.9686,1.5905,0.8517,2.7065
199603,2.7804,3.7855,3.1205,4.0455,2.0659,2.1772,3.2326,0.9539,1.8589,4.0817,3.1549,1.0472,3.2811,2.8907,2.1106,1.1941,0.859,2.9842,0.4949,2.3677,-0.112,2.4973,0.7881,2.0868,0.4734
199604,8.6297,9.8207,8.8668,5.8512,5.7596,10.1248,9.1921,2.623,4.3372,6.5267,5.7175,4.602,1.8279,0.8687,1.6989,6.4373,4.1533,4.1976,-0.1283,-1.8939,1.3717,3.3814,1.1447,-0.4282,-1.574
199605,7.9456,6.7024,7.8777,6.5235,5.6359,6.2569,4.4693,4.3723,4.8648,7.6827,3.0116,3.8354,2.0304,1.3375,1.0407,2.7855,0.368,0.3509,1.3047,1.5881,3.8611,1.5705,0.6003,2.908,2.3337
199606,-7.7816,-5.6438,-5.1701,-2.5761,-2.9208,-6.8976,-3.8157,-2.4527,-0.811,-5.6735,-7.1692,-2.9012,-1.2237,-0.4725,0.2028,-4.3718,-1.6178,-1.377,0.4575,2.2748,1.4345,-0.9814,0.1075,-0.7181,0.5331
199607,-15.1665,-9.394,-8.6917,-4.2533,-5.5431,-15.3263,-9.933,-7.8199,-5.7478,-5.3108,-11.3334,-7.5212,-6.0967,-4.9474,-6.2972,-9.068,-5.4769,-4.9604,-4.196,-4.7668,-4.9557,-4.7987,-2.9259,-3.29,-4.6259
199608,4.7233,5.108,3.7441,3.9508,3.8881,8.1057,5.808,4.1193,4.8991,4.7146,7.94,5.8044,6.5133,6.4614,4.4975,5.857,5.2323,5.8873,4.8241,4.1404,1.2276,2.8946,4.1382,2.0941,3.1252
199609,2.2689,4.1218,1.8909,3.6286,2.6455,5.9681,3.0213,2.0711,3.8716,3.8764,7.9201,4.1701,3.3043,3.1439,1.6486,5.5193,5.3946,2.3871,4.3699,3.5201,7.2354,4.4361,3.6199,3.3423,5.0215
199610,-5.7297,-2.5777,-1.5034,0.8913,0.9371,-5.2514,-1.5972,0.2874,2.3533,0.8354,-6.758,-2.4692,0.3056,0.7726,1.7046,-3.8368,0.5831,2.3208,3.1141,3.4878,1.6375,1.1437,5.7523,5.4073,4.9678
199611,-0.713,1.6666,3.2944,4.3608,4.3173,1.0416,3.9651,4.4094,4.6052,3.566,1.6204,5.9961,6.1409,7.3007,4.1838,5.5196,5.3867,5.6589,6.5536,8.1819,7.4979,7.2162,8.2867,8.5973,6.8
199612,-0.7671,0.7495,2.4358,2.5751,1.6595,1.5598,2.1346,3.2905,3.2888,2.1822,-0.4722,0.6376,1.6789,0.6036,1.9676,-2.1521,0.506,-0.4881,0.103,1.7111,-2.0347,-0.5593,-2.7621,-2.4207,-1.3675
199701,6.2403,5.0431,6.5857,5.0104,4.1296,4.1221,2.6048,1.9755,0.9212,1.8582,0.4087,4.0704,0.642,3.0233,4.9132,2.9704,3.2473,4.2293,1.9328,5.1072,7.7124,5.0184,5.1355,5.3004,3.8812
199702,-6.0548,-5.0771,-2.1502,0.6146,0.7018,-9.3644,-2.7926,-0.7083,0.8884,2.5688,-6.0761,-1.935,0.4254,1.5833,1.9711,-3.8961,1.5958,0.4293,2.3941,3.5706,0.8486,-1.714,0.1783,2.7427,5.1867
199703,-9.8901,-5.8818,-4.2205,-2.4877,-1.9596,-9.3648,-6.047,-2.7442,-2.6769,-1.2858,-7.9477,-3.6466,-3.3884,-2.6531,-2.1355,-7.5467,-3.8917,-3.2187,-4.5642,-3.8891,-5.4701,-0.7976,-3.9573,-5.7697,-5.5362
199704,-5.3665,-3.8737,-3.1143,-1.4423,-2.5136,-4.1548,-0.2801,-0.1789,2.0663,0.2467,-1.3173,2.5027,3.8653,3.177,0.955,2.2732,2.6023,2.142,3.2064,1.9784,7.9549,2.4344,6.2121,4.9274,1.437
199705,12.7924,10.9485,11.1273,8.6993,8.0464,17.4035,15.107,9.7034,9.0805,8.5948,14.738,10.9518,7.8003,7.1163,7.6073,9.8829,7.7133,5.3301,7.2628,7.3048,6.1289,7.1425,5.9655,4.4838,6.6291
199706,4.0624,4.801,5.7193,7.199,7.3105,2.2945,5.6938,6.3381,5.5916,6.902,4.198,3.5102,5.1689,4.9063,5.26,2.1054,4.0388,4.924,2.9678,4.6023,4.6645,2.5757,5.0672,4.4933,4.0479
199707,3.656,5.1325,6.4084,6.2754,5.8864,5.3096,5.1153,3.7961,5.0708,5.109,4.655,7.7116,6.6019,5.6016,5.644,6.8363,6.7453,6.5811,7.7558,5.8331,7.4557,9.073,10.8936,6.4053,8.1751
199708,5.5137,4.8527,3.5038,3.4499,4.5409,3.6021,2.8527,3.9945,2.0566,3.411,2.262,2.6936,1.6284,0.047,0.957,0.3591,-0.2271,0.964,-1.0052,0.4976,-7.1476,-3.4443,-5.1169,-4.5025,-5.816
199709,10.2424,9.9582,9.5536,7.7373,9.3275,7.5835,8.0386,7.0295,7.6353,7.4416,6.78,6.7836,7.4947,6.9741,7.0327,5.1848,5.2898,5.7096,5.9407,3.9849,4.8841,5.3993,6.5623,6.1925,7.3495
199710,-5.6472,-3.7426,-4.2526,-0.6675,-1.25,-6.0745,-4.8277,-4.5785,-3.015,-2.7838,-6.2964,-3.302,-4.0343,-2.556,-3.3773,-6.9605,-5.8037,-2.7226,-4.3789,-4.7723,-2.6285,-3.9675,-3.5498,-0.9986,-2.932
199711,-3.3651,-3.2481,-2.3652,-0.2276,-0.2469,-3.3774,-3.0406,-0.4197,-0.2603,0.046,-3.4619,-1.8474,1.0243,2.6433,1.9554,0.9038,0.4594,4.0348,3.398,3.1705,5.6771,4.3916,2.5099,4.8993,3.5612
199712,-6.011,-2.9747,-2.0133,0.7852,1.2546,-1.3901,-1.6374,1.2397,4.0378,2.2214,1.2938,0.3532,2.4058,4.7192,3.1532,-1.6517,2.302,3.1036,6.0048,1.4195,1.169,1.7186,3.1983,4.6616,3.0823
199801,0.2171,-0.8586,-1.4217,-0.6076,-0.7482,0.3598,-1.9223,-1.7483,-1.8645,-1.8318,-0.7641,-1.1677,-1.8631,-4.7817,1.8003,-1.3259,-0.6878,-2.1548,-1.9876,1.1988,3.8055,-0.478,-3.2074,0.0274,0.6571
199802,6.3151,6.9561,5.7734,5.2402,6.6165,8.7605,8.7653,9.2588,6.5189,7.7115,9.36,9.8985,6.6967,8.1851,8.9044,9.6343,7.5794,6.9787,6.001,6.292,6.7914,7.0699,9.6393,7.3706,6.9989
199803,4.5122,6.1772,5.0386,4.7316,5.2364,4.2365,6.3036,2.8174,4.1784,4.5832,4.7346,2.9514,5.4054,3.3925,6.5051,3.4345,5.1267,4.9987,4.4287,7.3994,5.2432,3.7807,5.4188,8.5117,7.0592
199804,2.5679,2.6101,3.6947,2.1262,2.6749,0.05,1.2533,0.6616,2.1741,1.9022,1.0385,0.3339,0.1794,0.1763,0.8826,0.2309,-0.1436,0.3958,0.6781,0.4554,0.9964,2.223,1.2243,2.5624,-1.4327
199805,-6.7477,-6.3945,-4.1317,-3.3023,-2.2821,-8.9191,-6.2476,-4.8108,-3.362,-2.7218,-7.6803,-6.2092,-5.1504,-4.554,-2.2896,-5.2964,-2.6246,-3.3436,-2.7328,-3.66,-2.3441,-1.4916,-1.7118,0.7566,-0.9298
199806,-0.3553,1.0448,-2.3602,-0.3645,-1.3364,2.1268,-2.3178,0.2769,-1.1976,0.2691,4.0946,-2.0336,-0.5324,-0.3406,0.3169,1.493,-1.0107,0.1763,1.3687,0.9164,7.0012,1.7708,2.2715,5.2983,0.9477
199807,-7.7024,-7.1424,-6.129,-6.5132,-5.5057,-7.7969,-7.7425,-8.0072,-9.0423,-7.0995,-7.6036,-7.721,-7.8406,-8.0938,-8.8071,-6.3721,-4.5596,-5.8177,-5.729,-4.1178,0.4254,-2.4758,-1.3649,-2.7569,-2.337
199808,-28.0647,-21.5628,-20.5061,-19.2939,-18.6173,-25.7344,-20.4512,-17.426,-16.2507,-18.8999,-23.1125,-21.2819,-17.4898,-16.0769,-18.4948,-19.9593,-18.8449,-17.8561,-11.4512,-13.5671,-12.9014,-16.9492,-17.4104,-15.4157,-12.5155
199809,6.9171,3.6512,3.5923,3.5754,1.4878,12.3574,8.1904,5.1022,4.5595,5.8395,11.6681,5.3034,8.0791,4.7613,2.674,5.4302,7.2943,6.4728,6.2235,6.1134,8.5267,3.4603,2.5738,3.7531,9.9202
199810,3.4395,3.5577,1.3115,2.8723,1.1254,5.2246,5.4805,3.6597,3.1252,2.0454,3.8303,6.5564,5.2638,3.7192,4.0397,8.8699,9.2604,6.4177,4.178,3.4124,7.7452,8.6319,9.1331,8.5128,3.2214
199811,10.3815,8.9623,5.7117,6.5286,8.8107,9.2974,7.3436,4.2402,3.6135,6.3588,9.1068,6.6331,2.8093,2.8706,3.0874,7.9198,2.452,4.4079,2.6832,4.3547,7.3881,6.2496,5.6951,4.9763,4.9313
199812,4.9841,1.5551,3.5721,1.4945,1.355,7.3302,5.1502,2.8483,4.3369,5.1366,11.4928,7.5174,4.1985,4.491,3.2493,10.3302,5.4963,3.7079,3.575,2.3555,8.9455,2.3076,2.7364,3.1072,5.0308
199901,7.7248,6.3565,4.4456,4.1434,4.1904,6.2613,1.124,-1.8669,-2.7983,0.9957,4.9839,0.4515,-1.6783,-2.2451,-1.3263,1.7228,-3.4395,-1.4837,-3.5359,-2.2996,5.9954,1.4096,1.9531,1.8345,-0.2376
199902,-7.5644,-8.788,-6.1022,-5.2875,-5.8106,-9.181,-9.3109,-7.4087,-8.1119,-10.6177,-9.0193,-8.7642,-6.4228,-5.8698,-6.5517,-4.8342,-4.6237,-3.5514,-4.7168,-1.6091,-4.6568,-0.7938,0.21,-0.9944,-1.2177
199903,-2.3358,-6.5337,-1.1196,-4.099,-3.0261,0.4812,0.7832,-0.0273,0.0347,-3.6729,5.2936,2.186,2.1437,-0.39,-0.1376,3.1713,3.8274,1.8555,0.7325,-0.4156,4.4262,3.0608,4.5129,3.3943,2.0625
199904,7.5584,9.4601,11.0828,11.9905,8.7538,10.7669,10.6356,7.2001,8.2911,7.3661,7.4598,12.8781,8.8952,11.0646,8.7451,6.2253,11.6042,7.6292,12.4039,8.8967,0.752,8.6999,7.5579,5.6427,2.2409
199905,1.8442,3.3882,2.0311,2.1502,4.1747,1.333,0.5212,2.9575,4.5425,3.7926,-0.7847,0.007,0.5241,2.0671,2.4018,2.6607,-0.6405,1.8666,1.9187,1.0197,-3.2029,-1.5209,-1.9072,-0.8092,2.9241
199906,6.9593,9.1446,8.9083,5.5693,6.1495,8.3053,6.7538,6.818,4.4674,6.941,4.9373,4.7081,2.8681,1.3507,7.1522,7.5545,7.8182,2.7171,4.0027,3.9319,7.0233,2.999,2.7787,0.0426,0.0356
199907,1.1165,2.2017,1.4837,1.386,1.6584,-1.6725,-1.0957,-1.8192,-1.3347,-3.8544,-2.6872,-2.1139,-2.123,-1.6166,-2.0359,-2.8067,-1.9751,-0.9942,-1.7793,-0.9091,-2.9542,-3.9701,-5.1186,-2.6054,-9.0908
199908,-3.5048,-1.6683,-1.8427,-1.7404,-3.6119,-3.2314,-4.0308,-4.885,-2.7472,-4.4358,-1.8114,-6.1422,-4.3203,-3.3667,-0.6156,-1.3279,-4.8256,-2.3807,-2.6995,-7.1956,0.5526,-2.1998,-3.4124,-4.2819,-0.9195
199909,1.7825,-0.0957,-1.014,-2.1396,-3.9713,-0.1157,1.3265,-0.9465,-2.001,-1.8091,3.0572,1.2234,-2.4739,-3.3219,-1.1984,1.4542,-3.6612,-3.0757,-4.521,-1.7612,-1.9177,-3.5377,-6.4731,-9.5738,-8.7093
199910,-0.1109,-0.4896,-0.6698,-0.7613,-2.6142,2.739,-0.1954,-1.5342,-0.6882,-5.2993,2.6778,1.0686,-0.98,-1.5068,0.5188,7.9098,0.9965,2.2824,4.3027,4.6733,6.3006,10.4018,8.1315,4.4311,6.0452
199911,19.5345,13.4414,9.398,7.9425,6.5832,11.9381,9.4908,3.7013,4.1034,3.0431,11.5439,6.9615,-0.6191,-0.1186,0.0014,11.7385,-0.1297,-1.5429,0.4892,3.6208,4.1396,0.0964,-3.2775,-5.9299,-0.4093
199912,24.9578,26.7303,8.4015,11.8981,7.3867,17.0595,12.2131,4.6495,4.2202,6.9249,15.62,11.2263,0.022,4.6855,2.9295,21.4953,5.0816,0.56,6.8394,3.0217,7.7551,4.6994,-0.7188,0.3137,-1.0526
200001,9.6484,6.5131,4.6921,3.4686,4.8879,0.1573,-2.087,-4.2372,1.5555,-3.299,-3.1594,-5.2156,-2.0539,-4.0273,-5.4824,-4.0443,-3.0601,-3.6892,-4.9487,-9.3015,-4.932,-3.9762,-5.2733,-6.7075,-9.0658
200002,37.0861,44.1835,20.8805,26.2571,14.6954,28.0205,18.9385,3.8072,9.3484,14.1233,22.922,13.324,2.1553,0.1619,-1.7915,25.7955,0.6376,-2.4538,2.3175,-3.5666,0.2223,-5.109,-7.7094,-10.2472,-10.7792
200003,-13.5794,-19.5593,-8.2675,-7.6252,-2.5549,-12.9799,-6.3082,1.8464,-1.3669,-2.4669,-13.0386,-1.1415,10.2817,6.3522,13.7184,-3.0186,12.5138,14.5769,9.9505,12.6174,9.176,11.484,10.0148,15.8776,21.4935
200004,-23.004,-18.4748,-10.3021,-11.4081,-9.9242,-11.9648,-8.74,-4.9501,-2.578,-2.6184,-9.9702,-0.778,-1.9256,3.1522,0.2209,-7.0528,-3.9284,2.724,1.3334,1.539,-4.2488,-2.449,0.2334,2.9508,-0.6757
200005,-14.2539,-9.3273,-6.0292,-7.3586,-6.8157,-10.1693,-5.1221,-4.5934,-7.308,-1.0384,-5.5859,-2.7695,-1.4701,-1.2016,2.4239,-7.4982,-0.1843,-0.0985,-2.0232,0.9566,-3.4959,-1.5959,4.7342,1.5819,6.4563
200006,28.35,29.8894,18.2436,18.7637,10.0437,14.4977,11.0708,2.6236,5.1148,9.5985,14.7368,2.3559,-0.125,-0.0507,2.0032,10.9668,3.0572,-3.8763,-3.1802,-4.5368,5.5302,-3.9863,-6.3163,-8.1738,-3.0924
200007,-8.6273,-1.2724,0.6975,1.3439,1.3109,-7.4858,-1.4892,1.7302,1.4205,0.3806,-10.0655,-0.8577,3.9463,2.4201,7.4,-7.2889,-1.0909,3.5013,2.3817,1.8432,-2.99,0.7267,5.2563,7.1569,2.3107
200008,9.1683,8.5527,3.7003,5.4394,5.3999,8.0706,4.4639,3.7031,6.6591,6.8729,8.2883,10.1863,6.1562,6.6336,7.5728,13.9813,5.8584,6.3273,7.027,6.7473,7.4208,6.2435,11.3112,5.616,5.6996
200009,-10.8079,-1.1323,-2.7624,-0.4641,-0.7028,-4.0548,-3.752,0.1796,-1.8805,-1.9728,-10.4085,-3.1213,-0.6199,2.6696,1.6431,-9.7703,-0.6981,-0.1958,2.1778,-0.6868,-6.123,-2.1276,2.4693,9.1817,-1.6371
200010,-12.1033,-10.5232,-3.3482,-4.9812,-4.5759,-9.323,-0.0989,-0.8503,-0.337,-1.7471,-10.6481,-1.6053,0.0504,-1.0189,2.2896,-5.6535,2.2944,1.9126,-1.9269,4.0095,-2.0695,2.1832,-5.0186,2.68,3.3731
200011,-20.8465,-12.8297,-6.2245,-4.8009,-4.6351,-18.2404,-6.2696,-3.0838,-4.8137,-3.2567,-19.4394,-6.8752,-5.5339,-0.4017,1.6007,-19.1415,-1.6456,0.8254,1.1828,0.9671,-10.5175,-6.1622,-6.8946,1.1829,0.548
200012,-10.042,1.4672,0.8247,3.2923,2.9074,0.1856,6.8461,12.1944,9.9256,12.6129,2.2311,13.5472,11.3053,13.4847,10.1714,4.2311,8.4275,11.6816,13.2727,11.8341,-1.3614,8.7256,6.1501,7.9388,0.4421
200101,27.6021,17.6993,12.7329,12.1418,13.0991,14.1377,7.5632,4.5956,6.3499,6.1423,12.8485,3.1451,-0.063,-1.3343,3.4887,7.3251,1.899,-1.028,-3.3677,6.8065,3.2356,2.9995,7.1449,-5.4891,1.5723
200102,-13.2547,-10.025,-2.4614,0.4969,-0.2912,-13.9675,-2.0846,-0.436,-3.2409,1.9107,-16.9523,-4.045,-0.9092,1.6808,-0.9905,-15.5931,-2.235,-0.3922,0.0364,1.8211,-11.9523,-2.5395,-2.0424,3.8869,4.2933
200103,-12.7669,-1.3392,-1.3573,0.1932,-1.9637,-5.4028,-0.5191,-1.7891,-2.0733,-1.4414,-12.0565,-5.0252,-2.7808,-3.1878,-0.6256,-11.93,-3.0302,-1.8079,-1.1946,0.2876,-8.5353,-1.9489,-0.3145,-2.7473,-2.6452
200104,9.5718,7.1812,2.7723,4.3772,5.2197,11.1464,5.1195,7.3477,4.0008,5.1447,11.2427,9.2364,6.0964,5.5449,4.5248,16.5099,6.6916,6.1217,8.2002,7.7981,9.0913,5.196,3.3722,2.0131,7.4412
200105,12.8203,11.5194,9.9327,11.6531,10.1243,1.6285,4.1535,2.2361,4.491,5.5528,4.9788,-0.6108,3.5812,1.5785,1.8424,3.3881,4.3402,3.197,0.3672,4.3666,0.1097,0.5905,3.7612,4.0086,5.6966
200106,2.3126,2.6468,4.5652,3.0371,0.7429,6.6591,10.143,5.6852,6.6939,5.0214,4.9788,-1.3448,1.4497,0.0548,1.123,3.6089,-1.5601,-0.3042,-3.4696,3.5989,-2.2969,-3.2128,-0.3102,-1.9328,-3.0661
200107,-9.2889,-7.2983,-3.9933,0.236,-0.1031,-10.4235,-7.6718,-5.9478,-3.3623,-4.0701,-9.0207,-4.835,-2.1886,-0.3456,-2.0222,-4.9036,-0.4382,-0.5816,1.8447,-0.2467,-1.5768,-0.0242,-1.5525,-4.4983,7.5709
200108,-8.8548,-5.3382,-3.5958,-1.6126,-0.9761,-10.0625,-3.9112,-3.1279,-1.6622,-1.089,-7.1874,-3.062,-2.6773,-2.2394,0.0221,-7.3466,-3.9353,-3.6257,-1.4705,-8.9144,-7.2172,-4.4808,-2.653,-8.4746,-8.3486
200109,-16.7499,-15.2229,-10.0966,-9.9973,-12.8175,-18.7306,-15.6485,-12.8353,-15.2006,-16.0524,-15.4719,-12.7812,-12.0454,-13.5512,-18.5487,-16.0825,-13.4788,-9.9516,-14.1783,-15.154,-7.1622,-11.3933,-6.5791,-11.47,1.6352
200110,8.7922,8.0568,5.9544,5.0836,4.3574,11.5389,8.2809,5.8812,2.9321,4.1562,13.5755,6.1292,3.8766,5.3109,9.2126,8.3577,3.5314,1.2667,3.8362,1.9946,3.2509,0.1623,-2.0874,1.9464,-14.6371
200111,6.102,11.0641,5.3014,5.7,6.8328,10.245,8.0441,6.5909,9.553,12.51,9.917,6.4834,6.7321,9.5957,12.8706,10.4135,9.15,6.6549,10.319,8.7861,7.5119,8.7877,4.5189,11.265,11.2876
200112,13.1984,6.0963,5.9969,5.7432,7.3035,8.0868,5.7672,6.6689,7.8787,7.1226,5.3908,5.9654,8.0164,5.2993,4.6581,3.901,4.7767,4.81,6.7736,3.7795,-0.0326,2.6679,3.6248,0.4083,1.3074
200201,-7.8058,-1.4507,2.4647,3.2718,5.0777,-6.3788,-2.6133,-0.3541,1.3466,1.3619,-5.0064,-1.6623,-0.8591,2.4861,5.2051,-4.1941,0.021,1.4052,2.2887,-3.8019,-0.6517,-2.8165,-0.5926,-1.7635,-9.1858
200202,-10.4259,-5.7873,-4.2585,-1.3109,-3.2426,-9.6959,-4.5185,-1.1202,0.7395,-0.3059,-7.1972,-0.7453,0.2904,-0.5033,3.8789,-4.1855,0.7806,2.4848,-4.0031,3.4047,-2.4738,0.4275,0.377,-3.5343,-12.7631
200203,5.8687,7.557,8.766,8.2663,9.231,8.7635,9.2623,7.2961,8.206,11.9484,8.5461,6.8404,6.8889,7.4949,9.5648,6.7603,6.5359,6.0889,5.1239,8.0056,3.0082,6.1698,3.4226,9.1328,0.1097
200204,-10.0673,-0.3963,1.7883,3.8265,5.134,-4.7349,0.4321,3.7269,3.8112,5.0495,-5.0488,0.8906,2.0662,0.8154,1.2892,-3.0262,-0.1501,-0.1649,-1.785,0.734,-7.9082,-3.3674,1.4302,-2.3009,-22.1472
200205,-6.8033,-6.087,-3.2858,1.3449,0.2169,-7.9496,-4.2262,-4.743,-3.2755,-6.4213,-5.6874,-2.8168,-3.965,-3.025,-2.5422,-3.0356,-0.4649,-0.89,-1.0937,0.595,-1.3019,0.2541,0.4415,0.9488,-7.7067
200206,-8.6477,-7.6,-0.9723,1.1218,-1.0767,-7.7842,-4.355,-2.7399,-1.8752,-2.8361,-7.6077,-7.6958,-4.7873,-5.5385,-6.9358,-9.6673,-6.55,-7.1943,-5.8653,-8.2499,-7.5272,-4.7594,-6.3206,-10.138,-13.5638
200207,-19.637,-15.3413,-14.9895,-11.5386,-12.3008,-15.8697,-17.0774,-13.7288,-15.2273,-19.4877,-9.2527,-9.2461,-11.926,-12.0327,-17.3659,-9.8656,-8.7661,-8.9508,-13.4411,-18.2454,-5.4976,-10.0688,-7.1734,-10.3003,-14.6754
200208,-0.2179,-0.6193,-2.607,-0.9927,-1.6955,0.4126,0.2832,-0.3573,1.1534,-0.3796,0.6691,-0.4309,2.5264,1.5859,2.3711,-1.2606,-0.1211,1.3283,-0.1911,6.6542,-0.1863,1.0277,1.7884,5.4239,8.3212
200209,-10.9582,-8.2957,-7.9618,-7.182,-6.6851,-8.1417,-6.4928,-5.8953,-7.3878,-9.4315,-7.561,-9.1054,-9.5306,-7.6911,-9.0209,-8.7696,-8.5795,-11.8737,-11.7424,-21.702,-11.0737,-11.3171,-9.0775,-8.3023,-6.1906
200210,5.9454,4.5758,2.7911,2.2298,1.046,10.6025,2.711,4.3585,1.5479,-1.4225,7.2678,2.799,5.4153,3.4039,0.9082,6.834,4.7533,3.6437,3.3959,4.761,10.3631,7.2992,4.6586,5.9036,14.1328
200211,18.025,12.7917,10.1394,8.43,9.5873,13.0366,10.8497,7.2976,5.9332,8.6665,9.2674,8.5773,6.6849,5.3116,11.7122,10.0761,7.3626,7.678,8.5967,17.8928,4.9489,6.2872,4.3787,5.6318,7.0492
200212,-9.9626,-5.7808,-5.2604,-2.6517,-2.5908,-10.2256,-7.3039,-4.4372,-3.5833,-3.1769,-7.1308,-4.8595,-2.7181,-3.7771,-6.7036,-6.8542,-5.0799,-2.4339,-4.1609,-3.6946,-6.322,-6.2175,-3.3457,-3.5145,-9.7387
200301,-0.5497,-0.5154,-2.2564,-0.4902,0.3135,-3.4393,-3.2199,-3.3653,-1.5061,-2.6907,-1.4855,-4.1472,-3.3787,-3.7655,-2.6316,-1.2244,-3.4667,-0.3085,-2.6288,-5.0983,-2.8603,-2.6331,-1.1319,-5.1723,-5.5856
200302,-6.174,-3.265,-2.3442,-1.6084,-2.2039,-2.9326,-1.5906,-2.3635,-2.7853,-5.7188,-4.1745,-0.8707,-2.2623,-3.9608,-2.6721,-2.8758,-1.8691,-1.8555,-2.0199,-5.5564,-1.0956,-2.6775,-2.4003,-3.4442,-4.9207
200303,2.1833,1.0654,0.5396,2.0207,0.0731,1.927,1.3203,0.6455,1.5015,-0.2233,2.8643,0.9893,-0.2481,-0.5758,3.6273,1.254,-0.4722,0.6071,2.1722,-4.4646,1.7442,0.5252,0.8746,-0.8347,-2.9499
200304,12.1043,10.9073,8.3248,7.6312,9.553,10.7483,9.4838,9.1911,9.5653,10.1677,8.4128,8.64,10.7788,11.6917,10.1751,9.1576,7.0338,9.4932,8.6974,9.0993,7.447,9.4527,8.6906,8.9196,14.8181
200305,20.3109,15.3251,11.1998,10.7902,11.3538,13.4342,9.6223,11.0504,10.1391,11.0946,8.5463,9.2024,9.6865,9.7225,9.2316,9.6186,10.3614,7.8212,10.6726,9.9514,4.2861,6.6074,6.7321,6.6657,7.8462
200306,6.912,4.261,4.5602,4.2893,5.8716,1.7639,0.5909,1.4231,2.2283,3.6085,2.67,1.514,0.3545,1.4085,1.9512,1.0862,1.0735,0.0245,-1.2787,7.1226,1.1128,2.2063,2.0784,-0.8803,3.6636
200307,8.6606,8.4107,8.4162,8.9265,7.9774,8.2871,5.0277,5.8174,6.6,8.0301,7.6389,4.629,1.2874,4.4503,4.0909,3.8323,3.7773,2.5867,5.0073,2.042,0.5451,5.3915,1.8963,-0.5981,1.6279
200308,4.236,4.9921,3.5935,4.6452,6.4777,4.428,3.3933,5.3639,4.8724,6.2925,4.2698,4.0481,4.8023,7.6149,8.0777,5.0353,3.6334,3.8785,4.8897,9.394,1.6362,1.3841,2.0913,2.2946,1.3196
200309,3.3784,0.29,-0.1478,2.1983,4.9954,-2.4797,-2.1487,-2.6711,-3.9326,-1.0471,-1.9101,-3.3016,-2.0577,-1.2283,-0.7567,-1.7255,-2.3335,-0.6319,-1.1529,0.3064,-0.8317,-1.0551,-1.0931,-2.1692,-4.5544
200310,6.1697,8.7809,7.7485,10.5714,11.5506,8.6541,8.2613,6.8251,10.2971,10.8499,9.1468,6.7657,5.7658,11.0878,12.6533,7.8285,8.2119,8.3603,9.6515,8.2141,3.5646,8.8542,7.9925,6.0801,2.7791
200311,2.9951,3.159,5.189,3.8129,6.6499,2.4082,3.7851,2.9996,3.6672,4.0644,3.5126,3.2407,2.2787,4.9768,2.5115,1.2456,2.9523,3.9262,3.4432,4.5066,0.795,0.4394,2.0378,0.2782,3.2206
200312,0.2884,2.8367,3.3218,1.3878,3.9966,2.1713,1.8458,3.1022,2.4712,2.3485,-0.7861,2.8276,4.6311,2.0558,5.7123,0.9235,3.4119,2.2443,4.9546,3.1032,5.2904,4.6225,3.6904,6.3944,4.7758
200401,5.9366,5.4481,5.5922,6.1681,8.8558,3.4902,3.6989,3.1624,3.5697,7.7507,3.288,2.1282,1.3326,4.5702,5.8086,1.8262,1.0507,4.6604,2.7165,5.1805,1.7609,0.0742,3.5923,1.6512,6.8652
200402,0.2717,-0.0271,0.3485,0.935,0.1114,1.168,2.1791,0.8899,0.0062,-0.1132,-0.0412,2.8474,2.9427,2.0706,1.2872,2.4811,1.735,2.5396,3.8064,0.6966,1.1898,1.1083,2.6623,0.8343,5.4937
200403,-1.212,-0.7705,-0.623,0.5531,-0.7434,2.2259,1.1306,0.3398,0.6434,2.016,1.7543,1.5553,-0.1115,0.3768,0.7935,0.3427,-0.4216,0.6912,-0.7283,-0.9543,-2.2195,-1.1274,-1.2013,-0.5594,-1.0896
200404,-4.4088,-4.7943,-3.8413,-3.8464,-6.3276,-4.1298,-4.5304,-2.5473,-4.1062,-8.0185,-1.9051,-2.179,-2.6793,-6.2059,-6.4777,-1.7213,-4.0693,-4.677,-2.9496,-3.1859,0.6111,-3.133,-4.7038,-2.3963,-1.7677
200405,-1.7466,-0.5434,-0.274,-0.6754,0.6726,1.1742,2.1348,1.2569,1.5887,2.7809,1.5225,2.1105,1.8389,1.8406,1.5535,1.2248,2.0344,2.3672,1.8173,4.1203,0.8911,2.0291,1.1356,0.0967,1.2422
200406,0.9516,4.5493,4.4701,3.4567,3.9957,3.4786,5.2141,5.7074,5.5144,7.6978,2.328,4.4155,2.6534,1.2265,3.8044,1.6128,3.1268,1.8976,3.3797,4.2411,1.7811,0.6508,0.4436,2.9121,2.31
200407,-13.0386,-8.012,-7.1173,-5.6924,-4.3559,-8.4968,-8.5323,-4.9187,-5.4082,-4.6147,-8.9888,-5.6116,-3.6903,-3.4522,-3.8066,-6.5705,-4.8784,-3.7866,-5.8927,-2.6397,-4.9807,-0.6596,-1.3031,-2.8216,-0.893
200408,-1.6386,-0.256,-1.1608,-1.3782,-1.8684,-4.5205,-1.6284,-0.4839,0.8655,1.2377,-2.7564,-0.6583,0.3901,1.0434,-2.199,-0.854,-1.3733,0.2802,0.9576,0.5203,-0.274,1.5461,1.2663,0.9677,-0.1074
200409,4.7089,4.763,4.8344,4.7795,3.8682,8.0374,6.3119,5.6209,3.9765,3.5301,4.1341,4.1815,3.6333,2.8916,4.8858,2.9686,3.1656,5.0466,2.7861,2.7952,0.0787,1.2284,2.5803,1.7357,3.7306
200410,1.7911,2.541,2.595,1.2406,0.2237,3.4237,3.1291,1.1826,0.7933,2.8207,1.7038,3.9429,2.4072,0.0167,2.3191,3.4425,3.1461,2.2002,1.0372,-0.3894,1.3944,0.6088,2.7207,1.0023,2.6451
200411,10.9005,8.5675,8.6127,8.0088,8.9514,7.3493,9.5072,9.4224,9.3561,9.3685,6.8997,5.9205,7.8605,6.2942,9.485,5.6315,7.3803,7.0797,6.6362,7.6319,3.241,4.2312,5.2821,3.6715,6.0541
200412,5.0982,4.6731,4.3611,2.9109,5.963,3.6165,3.4949,2.3109,2.4869,3.2134,5.6778,3.3344,2.2541,1.9261,2.628,4.1582,4.0461,4.1987,4.4588,3.7943,3.7779,2.3569,2.547,5.3797,2.7714
200501,-6.1296,-4.4685,-4.2289,-3.2209,-1.3954,-5.5879,-4.1751,-2.2619,-3.1971,-2.8364,-3.589,-3.9222,-3.7856,-0.2762,-2.8709,-2.7182,-3.6962,-2.6539,-2.2192,-2.4265,-3.146,-1.9094,-1.2069,-1.9397,0.3739
200502,-1.1691,-0.0281,-0.296,0.7878,2.9979,2.3561,1.9433,3.4859,3.7739,2.3154,1.0314,2.4098,2.9065,1.6684,4.0602,2.3669,2.551,3.2995,3.2258,3.2408,0.9489,4.4907,2.5624,0.5174,5.0656
200503,-6.2173,-2.4139,-3.3198,-2.8311,-2.5616,-4.3575,-2.3274,-2.7012,-0.4434,-0.2989,-1.7045,-2.3897,-2.5504,-2.392,-0.9627,-1.8594,-0.7568,0.2848,-1.4861,-0.7946,-1.1191,-3.8655,-0.8902,-0.0407,-0.5454
200504,-6.2759,-6.4223,-5.4145,-6.4698,-6.2247,-7.6302,-6.2482,-6.3754,-6.0901,-4.7977,-5.0783,-4.4697,-5.3481,-4.2422,-4.8383,-3.8919,-4.5052,-4.5006,-3.0246,-2.1264,-1.1988,-1.876,-2.7052,-1.1286,-2.6218
200505,6.8561,6.5136,4.9566,4.2816,4.918,9.3822,8.3113,7.4366,5.5867,7.085,6.1843,6.2726,5.4651,4.303,7.0883,6.0283,6.2238,5.0814,5.7668,5.6839,3.8995,2.0825,1.9208,2.3482,4.2088
200506,4.076,3.7825,3.7476,4.3338,5.4589,1.9509,4.3072,4.1902,4.3313,5.3543,1.8453,2.9732,2.613,4.1758,3.7013,0.9342,2.5477,3.5045,4.858,3.1209,-1.6079,1.1379,2.1491,1.3035,3.2827
200507,7.7364,8.3884,6.6739,6.8291,6.9167,7.4383,6.7102,7.7134,5.9872,5.5268,4.7496,6.5048,6.1549,5.8188,3.4977,6.3349,5.4924,4.9151,6.6522,4.5139,4.5103,3.2033,1.8868,2.4026,4.2129
200508,-2.8734,-0.7867,-0.9965,-1.1298,-0.5584,-2.4047,-1.3969,-1.1071,-2.1569,-1.5414,-2.4985,-0.9136,-0.6908,-0.9875,-1.0382,-2.2463,0.051,0.1922,0.6407,-1.7914,-1.5931,-1.103,-0.2651,0.5128,-0.3609
200509,0.9802,1.767,0.4495,0.9917,-0.7703,0.2951,1.6746,0.9843,-0.7448,1.2304,-0.6941,2.1788,1.4672,-0.5003,0.7596,0.0238,0.5766,1.423,2.7724,2.1777,-0.2387,1.169,2.4756,1.04,2.1945
200510,-3.4997,-3.954,-2.6105,-2.4568,-1.9513,-3.8903,-1.824,-2.7509,-2.9695,-2.3065,-3.0351,-4.4864,-2.0759,-3.891,-3.2426,-1.2757,-3.3713,-2.446,-4.4879,-3.0883,-0.1864,-3.3609,-1.5437,-0.9026,-1.1172
200511,5.0427,4.0086,4.8064,4.2822,3.9074,5.2698,4.6836,4.7762,4.8996,4.2109,7.1437,6.6323,3.8747,4.5389,1.3223,5.1999,4.7097,3.6956,4.0559,4.2626,3.6915,4.157,3.6993,3.4594,2.3469
200512,-0.3002,0.2277,-0.4332,-0.1243,0.9232,0.0976,-0.8408,-0.3333,-0.6424,-0.9254,0.9567,0.4653,0.713,0.5059,-0.5706,0.1781,1.6417,2.1303,1.768,0.4156,-0.8562,-0.1749,0.8836,0.8338,-0.4712
200601,11.8387,9.1602,8.2748,8.6825,8.5947,7.1313,9.4375,9.5658,9.8484,7.51,6.0484,7.8397,7.531,6.5592,6.011,4.9935,5.3188,4.5308,3.7686,4.1687,0.9833,3.3175,2.4283,3.8847,3.7972
200602,-0.4739,0.5677,0.3402,-0.6538,-0.0602,-0.2494,-0.4082,-0.7589,-0.4352,-0.5411,0.4872,-1.0576,-0.3757,-2.4944,-0.6735,0.4686,-0.0765,-0.4379,-1.4451,1.7588,0.0801,0.348,0.3793,0.6151,-1.1744
200603,3.9798,4.7517,4.8232,5.236,6.797,3.4209,4.8626,7.2725,4.1736,4.7347,4.7427,4.2286,3.3798,2.0555,2.0171,3.3257,2.3472,2.9542,2.3322,2.1155,0.8277,2.1256,1.3714,0.8512,0.8154
200604,-1.2955,-1.5056,-0.4361,0.8939,1.3302,-0.3755,1.8369,2.332,-0.22,1.2229,-0.9478,-0.6362,1.9277,1.29,1.3562,0.9398,1.1932,0.5945,1.8408,3.5374,-0.6105,1.7527,1.6734,3.0135,5.3455
200605,-9.4893,-6.0416,-4.9497,-4.316,-3.9369,-6.1767,-6.5349,-4.0923,-5.0725,-3.1781,-6.1358,-5.5949,-3.4477,-3.3177,-2.5725,-5.011,-3.4157,-2.2367,-3.5249,-2.8534,-2.7391,-2.9551,-2.7179,-1.4355,-2.5715
200606,-0.7835,-0.3895,-1.4693,0.0772,-0.443,0.303,1.3421,-0.4221,0.6648,-0.5353,-0.7446,-0.7369,-0.1201,-0.5374,-0.0401,-0.2001,-2.3968,-0.0286,0.4779,-0.8956,0.3994,-0.6421,1.0376,0.145,1.3871
200607,-5.9125,-3.7551,-3.3846,-2.2622,-2.4877,-5.0905,-4.815,-3.0687,-1.6024,-3.4768,-6.2076,-3.1862,-4.1275,-1.6686,-1.2299,-4.5846,-3.0291,-2.6941,-3.487,-1.0051,-1.0375,1.4299,2.2716,2.0945,2.8351
200608,3.2746,2.6188,3.1933,2.0115,2.8096,3.2061,2.7657,3.4079,3.5971,1.3307,2.7505,1.9588,2.0792,2.8174,2.7734,1.108,3.4593,1.218,2.9325,2.6613,3.8967,2.6791,2.1126,0.1332,-0.2018
200609,-0.2123,0.0412,0.0659,0.3373,2.2003,0.1542,1.3881,1.0596,2.0275,0.8627,1.5729,0.4502,1.9173,0.5794,0.4705,1.9895,2.4995,1.3498,1.7341,0.7682,2.4908,2.8334,2.2117,2.2558,4.2822
200610,7.0312,6.2578,6.0229,5.1123,4.9608,6.4974,5.635,4.5361,4.6407,4.6865,5.6456,4.6797,3.6502,3.6019,5.4325,4.1656,4.6449,2.9778,3.4274,2.5931,3.5119,1.8104,3.1805,4.13,4.5885
200611,0.7024,3.5897,1.629,1.9476,2.552,1.9355,2.8707,2.4219,3.3474,2.7652,3.6765,3.9913,4.1087,3.7931,3.9446,3.9136,3.5036,3.6298,2.7257,4.4043,1.1245,2.6123,1.878,1.9869,0.0539
200612,0.6021,0.2314,1.5397,2.3052,3.5934,-1.786,-1.1589,0.8115,0.2524,2.0307,-0.7773,-0.1655,0.8932,0.7501,1.0969,-1.2041,0.1829,0.1748,1.7188,2.5014,0.1647,1.2883,3.2617,2.6662,3.0924
200701,1.5624,0.4707,0.0704,0.2818,2.9762,2.3717,1.1432,0.6548,1.2981,2.5414,4.4473,2.3625,2.1412,3.3469,1.2426,4.4863,3.4278,2.3367,2.0831,1.1948,2.2627,0.697,1.286,0.7637,2.6048
200702,-0.5028,-0.742,-0.8829,-0.6386,-0.0999,-1.1195,-0.3056,0.1911,-1.6581,0.1104,0.5867,0.4533,1.7326,0.0869,1.1229,-0.3665,0.2557,0.6298,0.7751,0.3075,-2.3951,-1.2403,-3.2732,-1.0939,-3.0891
200703,0.4532,-0.0679,1.0804,1.3481,0.5041,1.1572,1.1448,0.4765,0.6653,-0.653,3.048,2.6388,1.5112,0.7655,1.0732,1.4194,0.8569,0.8334,-0.1773,3.141,0.7075,1.0842,2.248,1.2433,-0.4976
200704,3.469,0.774,0.1107,0.1953,1.4231,2.3989,2.5945,1.9055,0.6899,1.8457,4.3126,3.7312,4.5949,2.6801,2.0719,4.2475,4.889,4.8084,3.8923,2.6952,5.4565,3.8398,3.8492,2.4396,4.791
200705,2.2316,3.6418,2.1826,3.3291,2.569,3.5267,4.315,4.0926,1.6507,4.1245,7.2012,5.3538,5.1336,4.1218,3.4212,4.5476,3.1562,5.0575,4.7335,2.3321,2.7906,4.1723,4.1781,3.0435,2.6759
200706,0.2611,-0.2329,-0.9229,-0.4725,-0.1064,-1.3978,-2.0503,-1.2992,-2.6207,-1.6646,-1.0358,-0.136,-0.3858,-1.5529,-3.3635,-1.0477,-1.5733,-2.49,-3.5865,-1.8039,-1.7255,-0.1995,-2.2241,-2.7944,-2.2027
200707,-5.505,-6.8748,-6.3948,-6.8535,-8.2714,-4.3768,-6.3418,-4.7334,-7.6279,-9.3212,-3.1218,-3.3098,-4.926,-6.5857,-6.4191,-3.2857,-3.8784,-4.841,-5.425,-8.483,-1.0019,-1.5552,-4.2679,-5.5637,-4.8904
200708,1.0948,1.057,1.2082,1.3669,-3.1671,2.4503,2.5764,2.7357,3.3869,-0.7286,-0.5807,2.8761,0.371,0.1555,-2.4422,1.2481,0.9895,-1.5772,-0.9288,-1.5263,1.8398,2.2004,1.827,1.9812,0.0726
200709,2.1319,2.8682,0.2467,0.94,-1.2646,3.2236,1.0076,0.4918,0.6525,-0.1311,3.5365,3.3012,1.702,1.6112,1.4279,3.7676,3.2857,0.6966,1.7437,0.4563,5.241,3.4455,2.9273,2.365,4.2073
200710,3.4021,1.3938,-0.3696,0.7867,-1.349,3.8453,4.363,0.3535,2.1943,-0.0004,4.5397,2.0383,4.1078,-0.0433,3.4416,3.3178,3.057,1.5302,2.1667,-3.2273,4.2189,1.7187,0.9772,0.2334,-0.4321
200711,-9.8419,-8.6156,-7.9227,-7.5306,-9.3005,-6.5941,-7.1949,-6.6304,-6.4025,-8.3017,-5.5206,-6.9684,-6.228,-6.1251,-4.7019,-4.6244,-4.4097,-7.2381,-5.2767,-7.028,-3.2917,-2.2451,-5.6015,-5.1197,-5.4514
200712,-0.9805,0.9193,-1.7183,-0.5258,-1.216,1.2049,0.2949,-0.2124,0.1658,-0.6859,-1.1909,-1.4249,-0.4688,-1.4673,-0.7029,-0.0676,1.305,-3.6221,-2.2153,-2.7488,-0.2225,-0.9686,-0.7986,-1.716,1.3036
200801,-11.3389,-8.6009,-7.0546,-4.9857,-4.6368,-9.573,-6.8142,-8.0893,-2.8745,-4.1549,-6.7887,-6.489,-6.0628,-2.8084,-6.6877,-6.7399,-8.2495,-3.2165,-5.3477,-2.7778,-8.1127,-5.2942,-4.2846,-2.8864,-4.5634
200802,-5.8385,-3.9278,-4.7374,-2.4484,-4.12,-4.881,-0.9142,-2.3849,-3.6592,-3.4122,-2.9794,-1.7348,-2.5408,-1.2874,-2.8896,-0.7508,-0.977,-2.995,-3.415,-5.7699,-2.3019,-1.9043,-3.9149,-5.474,-5.3707
200803,-3.7267,-1.6266,1.5193,0.4281,-0.378,-0.3118,1.2353,1.7739,1.9433,0.6727,-3.4585,1.0755,-1.7885,-1.2567,-0.3459,-0.1445,-2.0241,-3.0735,-2.2999,-0.6905,-0.1037,2.4293,-3.6924,-3.6383,1.1015
200804,3.5417,3.5478,1.2196,0.0668,0.9568,3.0128,3.995,3.0275,2.6728,1.0242,7.3994,7.2973,8.3087,9.8791,7.5446,6.3457,6.5915,5.3185,7.451,2.727,4.4174,1.3024,7.5463,3.5402,6.181
200805,5.5346,4.6521,2.6012,3.1073,1.8702,7.1185,5.1096,6.4282,5.0229,3.5545,3.8684,3.9747,6.9106,5.1512,4.095,4.4323,5.5527,5.0116,4.3344,3.5303,2.8256,0.1386,0.7709,-1.9239,1.8479
200806,-6.2603,-8.5164,-10.9717,-7.2706,-10.1036,-7.5557,-5.6431,-7.2465,-7.882,-10.4079,-7.3731,-8.0698,-6.1219,-9.4634,-4.583,-5.901,-9.4551,-7.4731,-7.1843,-14.9321,-6.2086,-9.016,-8.363,-14.3368,-10.0474
200807,4.4645,4.443,5.0585,7.1495,3.5788,2.3666,2.6066,4.7498,4.3761,6.0935,0.6211,-0.6223,1.6881,0.058,5.3619,-1.0566,-1.116,-6.5601,-2.4853,-3.0399,-1.6546,-1.2251,-1.9844,3.333,8.114
200808,0.7997,3.404,2.6638,3.6324,6.6478,4.5003,4.3331,4.4557,5.8832,11.1789,2.6374,3.6003,4.7471,2.0364,5.6931,0.8961,2.1956,2.9494,4.1753,1.8639,1.1183,1.4864,1.9538,-1.8156,-0.3483
200809,-13.5574,-9.5016,-8.3557,-4.4565,-6.1317,-8.5678,-8.5761,-7.3941,-3.8019,-7.4505,-14.288,-11.2833,-7.1695,-7.5611,-6.2841,-14.0473,-12.5756,-12.9705,-10.4591,-9.574,-9.535,-8.8751,-6.9822,-7.3066,-3.8912
200810,-23.9758,-19.4794,-20.0423,-16.3322,-21.9069,-22.9228,-23.6408,-18.5701,-18.9739,-22.4296,-22.8827,-19.4837,-16.6662,-19.2051,-21.3919,-20.4819,-20.4833,-25.7854,-21.5963,-17.2727,-14.8649,-14.9081,-14.1013,-27.5146,-13.5312
200811,-13.3372,-11.8804,-13.3963,-12.0348,-15.7599,-10.6237,-10.3881,-11.2374,-9.4055,-16.9643,-12.5447,-10.5137,-8.9038,-9.0541,-7.264,-8.3591,-8.9633,-8.4984,-8.2427,-16.5726,-5.8448,-5.0911,-6.5538,-14.7187,-17.8346
200812,3.1948,5.8656,6.7701,2.7714,3.9004,4.4372,4.6276,6.7718,6.0961,6.5999,6.9327,3.8935,1.8707,2.4173,9.9854,4.3391,6.981,1.8498,3.7407,2.0301,1.3767,1.2256,0.3308,-1.8431,3.7101
200901,-6.735,-8.4002,-9.3621,-16.338,-15.1121,-6.8336,-7.4818,-10.5537,-13.7663,-18.055,-6.195,-8.4509,-8.4152,-8.7783,-17.9776,-4.5413,-6.588,-6.5948,-8.8446,-16.26,-3.5694,-9.007,-10.719,-19.4782,-14.3186
200902,-11.1953,-10.6033,-12.4595,-14.0641,-14.7469,-10.2171,-9.0436,-11.0414,-14.5637,-19.7093,-6.5006,-10.0532,-9.7619,-13.4002,-10.9819,-6.5874,-8.7224,-11.3405,-13.4037,-13.9877,-7.46,-10.0041,-12.1961,-19.1708,-12.3397
200903,11.0693,10.8975,10.6573,8.065,10.1016,8.9492,10.6005,10.243,8.362,15.0725,8.754,8.8465,10.0403,7.9808,13.4607,8.2781,9.6586,9.288,9.5828,10.1064,8.3272,7.9456,9.3645,13.05,10.9305
200904,18.5614,15.6066,16.4116,18.1199,17.4418,15.5526,19.2532,15.3562,14.7072,17.8303,14.3821,19.4009,12.8553,16.1764,16.1011,11.7594,13.7219,15.6196,15.0181,17.3529,6.8161,6.938,11.5979,14.7983,20.2523
200905,6.5546,5.0915,5.3866,4.4275,3.4405,5.2394,3.2904,2.0026,0.8511,5.4845,3.8533,0.9939,3.0097,1.9989,-1.5222,3.9684,2.1596,3.4506,9.5208,4.2117,4.8448,5.7458,5.0971,7.1336,9.9297
200906,7.6889,5.3793,5.3012,2.3638,3.0842,6.448,1.5852,0.6372,-1.3887,0.3688,1.8202,0.8441,-1.4658,0.7568,-0.1895,1.9149,0.8778,-0.6414,-1.2741,-0.1725,1.7084,-1.4331,-0.2496,-0.7585,-2.7735
200907,8.738,6.9957,9.3481,9.6915,13.4877,5.9751,7.9204,11.4622,11.8233,12.9337,7.1222,9.7631,10.5828,12.1025,15.708,8.1378,7.5432,9.2336,10.8136,10.7918,6.0661,8.9598,7.066,8.8733,9.238
200908,3.0551,1.6714,3.4885,4.329,10.498,0.066,2.01,1.674,3.1445,8.6898,0.9621,0.9481,4.3969,4.0541,11.962,1.9632,4.5775,2.6719,6.0308,15.4409,1.1411,3.7921,3.2537,6.7787,15.1805
200909,4.4817,5.8321,4.5596,6.7836,8.7069,8.217,7.1463,5.724,6.6605,7.5829,6.6032,3.9621,7.1148,7.6799,8.4429,6.7705,5.8479,6.0368,5.0573,8.0998,3.4934,3.6018,2.6076,5.7162,0.5442
200910,-10.5746,-7.7688,-6.5258,-8.0987,-8.8428,-7.405,-5.922,-5.7406,-8.827,-10.452,-5.0262,-3.3552,-5.8286,-6.1323,-10.0013,-4.524,-2.7529,-4.262,-6.6106,-6.4393,0.3454,-2.0125,-2.0003,-3.7599,-9.7932
200911,0.078,-0.4148,2.6077,1.9255,1.3772,2.5392,1.086,2.1515,3.4162,6.136,3.1719,3.2301,2.4796,6.2164,6.8789,4.783,4.6844,4.4734,3.6879,4.8801,7.0955,5.7781,3.5898,4.1678,5.2855
200912,6.1605,8.9536,7.5998,7.9132,10.1571,9.3585,10.2223,8.7056,7.1737,8.8384,7.1439,7.3519,6.9548,8.0308,7.7061,6.1666,4.7578,7.4318,5.5995,6.5513,0.8631,2.3251,4.1673,1.6401,-3.6412
201001,-4.0998,-5.4544,-4.2948,-3.3276,-1.0043,-3.1897,-2.6869,-1.2929,-3.3662,-3.6952,-3.6201,-3.4525,-4.6958,-3.4711,-2.6307,-3.5696,-3.9299,-5.5826,-1.5295,-1.9069,-4.2357,-3.5587,-0.5339,-5.3813,0.1016
201002,4.2303,4.5206,4.5742,4.9594,7.4979,2.129,3.0098,3.0072,6.0486,5.2454,4.3043,4.1913,4.6781,6.2943,9.1402,5.0408,7.3368,3.7245,3.9716,6.1466,2.5734,2.1702,3.7171,4.5263,6.0574
201003,6.9235,6.9794,7.7357,7.387,9.9269,7.026,7.6888,7.5621,8.0617,11.59,9.2806,6.6574,9.8314,6.9017,7.7237,7.9794,7.4195,7.5668,5.2583,11.8818,4.9695,6.0673,5.6368,6.7314,8.2293
201004,6.5152,7.3039,6.1714,9.6859,11.8481,2.0151,5.6918,4.4084,6.7689,7.6663,2.8453,5.3693,3.3272,7.8524,4.8687,3.8847,4.0013,3.6074,6.9807,5.0463,0.3844,2.6868,1.3047,-1.9666,3.5721
201005,-6.8926,-5.1172,-7.2476,-9.1005,-10.4131,-4.7043,-6.2994,-7.049,-9.1821,-9.8489,-6.2453,-5.9767,-7.074,-9.7905,-9.6745,-5.3885,-8.0677,-8.8893,-7.0444,-8.2428,-7.4263,-8.1929,-8.9314,-7.5504,-9.672
201006,-6.6716,-6.9399,-6.8174,-6.9138,-11.9103,-5.4441,-5.9258,-6.9538,-9.7828,-13.0845,-5.6384,-6.0903,-7.4597,-7.4913,-12.0764,-4.6218,-6.4476,-7.3882,-8.17,-9.2399,-3.8882,-6.5075,-3.1601,-7.5684,-9.7235
201007,6.188,4.7879,6.9109,6.612,5.8601,6.7694,8.1097,6.4637,7.1813,6.6334,6.4479,7.506,5.4776,8.3101,7.4844,6.9666,6.6874,7.9107,8.8,6.0597,7.26,5.3213,7.6317,7.3317,5.2572
201008,-8.6309,-8.8038,-8.48,-9.3987,-9.4751,-5.4964,-8.4982,-7.2532,-7.6199,-7.6041,-4.7339,-6.283,-7.5184,-6.7735,-6.9591,-4.2073,-4.6007,-5.4894,-3.9109,-6.4425,-4.0978,-3.3967,-1.4773,-6.9825,-8.9124
201009,11.5176,11.2124,12.7001,12.299,10.0249,14.5716,15.2492,12.5832,10.9669,11.7405,13.0824,14.1984,12.4763,11.2944,10.9342,12.3463,11.3769,10.0751,8.2172,10.2859,10.3115,7.8833,7.9807,7.6396,6.9487
201010,6.508,5.8277,5.6089,5.2022,3.474,3.9221,4.172,4.1101,2.9902,2.6994,4.5931,3.2958,5.695,3.4485,4.1151,2.672,4.7941,2.9601,2.9214,-0.0404,4.8465,4.1971,3.7727,1.9889,-0.2838
201011,1.6598,3.6523,5.1524,4.8165,2.9477,3.339,4.2851,3.6306,3.39,3.7101,4.1353,6.1076,1.7559,4.276,1.5668,4.6122,3.3806,3.0708,1.2559,-0.0326,-0.8245,1.876,-1.2166,0.3996,-3.3921
201012,10.0899,7.8095,7.7666,8.4812,9.5713,7.3328,7.0407,8.1471,8.2132,10.0904,6.6436,8.4489,8.179,7.3916,7.7408,5.0918,7.0936,8.1056,6.9999,9.7,4.6329,6.0213,6.5922,9.6337,14.0458
201101,-2.9409,-1.8687,-1.1407,-1.0391,-1.16,0.6042,-0.6729,2.175,0.2616,1.8746,2.1132,1.8544,0.1361,3.2892,0.2689,1.8484,3.494,1.5657,2.7854,0.4652,1.5087,3.2206,1.7227,3.702,3.2432
201102,1.4528,5.3265,4.2949,4.427,6.4404,5.3646,7.0122,5.5262,5.3128,5.5638,5.6815,6.4085,4.6686,5.5363,4.3724,3.9013,4.1757,4.0629,4.7634,2.4369,1.9924,3.7618,4.6942,4.099,3.9122
201103,3.4954,4.5892,1.4119,1.8937,1.55,3.4244,3.3406,2.6449,1.6611,3.1016,4.3712,2.708,3.0265,2.01,1.2214,1.8569,3.3694,2.1933,2.2237,-0.1913,0.2263,-0.6048,1.9518,-1.3607,-3.2773
201104,2.4719,0.5553,1.1112,1.3875,0.3364,4.0933,2.0262,2.1692,2.2716,0.0911,4.142,3.6603,3.2062,3.0694,1.8392,3.5342,1.565,1.4766,3.57,2.5027,3.5252,4.5012,3.5875,0.2509,1.0548
201105,-1.1264,-0.7909,-1.8444,-4.2001,-2.9989,-1.8182,-1.3699,-0.5496,-3.3959,-3.2626,-1.3889,-1.2975,-1.889,-3.8255,-0.8533,0.1771,-0.7085,-1.3872,-1.9614,-0.1293,-0.3195,-1.7318,-0.9254,-2.737,-3.7114
201106,-4.4417,-3.6603,-2.6458,-1.3961,-2.6632,-0.4739,-2.2133,-1.4788,-0.4143,-1.6659,-1.302,-1.9572,-1.8608,-1.0082,-3.7726,-1.5115,-2.1706,-3.1466,-1.3582,-2.5214,-1.2623,-1.6445,-1.8187,-1.9653,-2.744
201107,-5.0671,-3.0419,-3.1166,-1.2078,-1.4842,-3.8343,-3.5104,-5.0122,-3.3235,-5.2587,-4.8637,-3.955,-3.0577,-5.3992,-3.5756,-4.1769,-3.7441,-3.1855,-1.8129,-4.0047,0.1899,-1.858,-1.5809,-4.103,-5.0688
201108,-11.5173,-12.0968,-9.0666,-10.4112,-9.8237,-10.1563,-8.3333,-10.3702,-8.0353,-11.156,-7.6588,-8.3597,-8.157,-9.3143,-8.4305,-7.917,-8.4099,-8.1504,-7.6013,-6.7304,-3.8236,-4.5205,-7.1226,-2.9445,-11.833
201109,-11.3649,-12.5768,-10.5053,-10.7209,-10.3567,-10.451,-10.8843,-12.6551,-9.4724,-12.3095,-10.4337,-12.1144,-13.0545,-11.1833,-10.5285,-9.1814,-11.7976,-11.6588,-8.3383,-9.4303,-6.3483,-4.8109,-6.946,-5.389,-14.1311
201110,12.3434,15.2798,14.0173,14.7572,10.1765,17.9564,14.5784,16.2947,15.2838,14.8749,14.1727,16.5214,16.7075,16.2216,11.4547,14.5511,15.7798,14.9542,11.1977,12.5566,9.3936,10.3243,12.4559,8.587,15.1363
201111,-2.3097,-1.3578,-2.6856,-1.0608,-0.3303,0.2502,-1.8469,0.345,1.6886,0.3143,-1.8815,1.1789,-0.9085,0.9146,0.3657,-0.8081,-0.3941,1.3244,0.977,-1.4951,-0.4105,1.1595,0.5225,1.047,-6.567
201112,-0.7467,2.2342,0.872,1.7766,1.3752,-0.8609,0.953,1.2408,0.6369,1.2456,-2.8128,-0.2062,0.9148,1.1122,1.7398,-2.3609,0.7686,-0.0831,3.7412,-0.4664,-0.5544,1.1551,3.0607,2.7236,0.9304
201201,12.4738,8.0953,7.7851,7.28,7.7202,8.1678,5.2446,8.1392,5.5052,4.9076,8.8824,5.2676,6.9713,5.6869,3.5795,9.7521,6.2529,4.9538,2.455,4.4317,7.0972,2.2762,2.6883,1.3911,10.0236
201202,1.2735,1.1677,1.1225,0.701,2.7737,4.0644,4.1622,1.1911,3.0222,4.4225,4.7241,3.0115,3.5567,3.8876,4.8263,4.6607,4.838,4.2841,3.8716,6.1261,5.2061,3.0168,3.6579,4.9053,6.691
201203,1.8982,3.9053,3.4943,3.2516,4.7375,1.9798,1.9475,3.0652,3.1962,2.8795,1.4537,1.8378,1.6548,1.7765,-0.408,4.1428,0.4209,-0.0057,2.0484,1.6648,4.003,2.3176,1.1052,3.3278,7.797
201204,-4.0308,-1.9376,-2.1384,-1.1651,-0.3931,-0.2272,-1.3228,-2.4002,-2.235,-2.0279,-2.4147,-0.8524,-1.4354,-0.946,0.0966,-0.7221,-0.0618,-0.7592,0.7821,-3.0628,0.0261,-0.7153,-0.7321,-0.2236,-4.2178
201205,-8.7675,-6.0709,-7.0075,-8.111,-4.6362,-5.6311,-5.3551,-7.2529,-5.4393,-7.1884,-7.5319,-6.0806,-8.3964,-6.1159,-6.5605,-6.888,-8.5705,-8.7952,-6.5194,-5.4325,-6.3479,-4.8393,-5.1998,-2.4045,-12.8931
201206,7.2014,7.1907,5.5775,5.3321,5.5247,7.0171,4.9458,4.002,3.3985,4.55,5.2768,3.6331,1.5409,2.388,4.0224,0.604,2.1217,3.9591,3.1113,3.243,2.7914,4.3486,5.4125,5.06,5.6172
201207,-2.3072,1.0635,-2.9872,-1.721,-2.3329,-4.1475,-0.5961,-0.626,-0.9569,-1.0487,-2.684,-0.2421,-0.9824,0.73,-3.7802,-2.1737,0.0641,0.2309,0.1724,-1.0792,1.4009,2.5519,1.3012,1.135,-1.7738
201208,2.5398,0.4824,3.9702,2.9946,3.3106,1.6435,2.4299,2.7883,3.6229,4.0053,5.2187,3.4595,4.7234,4.1774,3.4898,4.3242,4.0528,2.4342,3.8144,6.2962,2.0834,2.3702,1.5846,0.6201,6.5554
201209,4.7943,5.4542,4.5071,4.7301,4.5535,5.3642,3.4737,3.4331,3.8851,4.228,2.8554,1.5524,1.8404,3.1251,3.8875,1.9568,1.8815,2.3756,2.4556,3.5416,1.7792,2.5118,3.6644,3.2574,5.4151
201210,-5.0761,-5.0476,-3.7593,-3.1817,-1.4158,-5.9681,-1.8773,-1.4243,-1.5453,-1.0674,-3.6986,0.411,-0.0834,0.5651,-0.2064,-0.9253,0.0323,-0.0678,-0.0806,1.529,-3.3604,-1.2583,-2.8535,-0.3797,3.332
201211,-0.2275,1.6683,0.5015,-0.2723,1.2091,-0.4837,-0.0452,0.722,0.5153,2.6604,2.7445,2.6909,2.7304,2.0494,-0.1694,2.875,2.9674,-0.4441,1.3145,0.646,1.2734,0.5358,-0.4117,-0.3673,-1.4902
201212,0.3245,3.7236,3.9807,4.5567,4.3423,3.5227,3.2361,3.1339,3.8066,5.2643,2.4301,3.8463,1.8656,3.2026,3.6863,2.0637,2.4442,3.0186,3.8697,3.3622,-1.0115,0.3546,1.4453,2.3462,7.2617
201301,6.5479,4.6718,5.716,5.6653,5.6758,7.3921,5.6735,7.6368,7.1568,4.5323,5.4917,6.592,6.1016,7.3299,7.6615,7.3251,6.5177,6.481,8.6228,9.1456,3.63,5.6829,5.7753,6.65,7.3789
201302,-1.9431,0.7331,-0.3236,1.5709,1.7165,0.9288,1.2195,0.724,2.3131,0.3454,0.5013,1.2765,0.9244,2.4533,1.9265,0.622,1.2662,1.8014,0.8325,2.6442,1.1367,1.2782,1.9774,2.2793,0.6829
201303,7.7562,6.3036,4.6387,4.2808,4.3808,5.082,5.3116,3.7992,4.5447,4.6431,4.4964,4.4805,5.5275,3.5,5.3521,3.6945,4.0934,4.2644,5.4427,6.2097,3.9681,3.4227,3.3112,4.8767,3.3622
201304,0.2541,-0.5484,-0.8918,-0.6403,0.6044,-0.8943,-1.8261,-1.2254,-1.5388,1.9428,-2.0533,0.2199,-0.4014,-0.7338,-1.776,1.3445,0.9808,-0.9167,1.9453,0.7327,2.2939,1.2899,1.8917,1.6669,2.7787
201305,7.9628,4.3203,3.8929,6.2726,4.3467,5.4387,4.5172,5.5346,4.6318,8.1601,2.9842,5.9135,4.2341,4.9188,3.9276,4.1472,3.1496,1.8979,3.2214,4.5647,1.23,2.3272,1.373,3.204,9.0115
201306,-0.9627,-0.5118,1.919,1.2434,0.2097,1.7618,-0.0676,-0.352,-1.1957,-0.9325,-0.4105,-0.9728,-1.3102,-0.66,-0.2036,-1.9973,-2.5252,-1.5084,-1.502,-1.248,-2.3737,-0.2771,0.1484,-0.3672,-2.8281
201307,7.0969,10.2718,7.2281,9.0751,7.3754,7.1593,6.3199,6.5014,7.044,8.0651,8.381,7.4917,5.9073,7.7486,9.0644,7.9426,4.7148,6.4994,8.0441,5.0202,6.0688,4.0686,4.7653,4.6897,7.1781
201308,-2.2208,-2.6703,-2.3148,-3.7738,-3.2145,-0.735,-0.6621,-3.2876,-3.8259,-3.6039,-1.688,-1.914,-3.5683,-4.8043,-3.7436,-1.7059,-2.2136,-3.1485,-2.3656,-4.3434,-1.4907,-2.494,-3.6175,-3.6681,-4.5071
201309,7.2811,7.711,7.0797,6.8085,5.9212,7.0629,6.0207,7.513,6.0197,5.6001,5.8044,5.8933,5.6301,5.5022,4.2931,5.6333,5.6099,5.1781,5.7067,3.4424,4.328,2.6218,2.5063,2.588,2.2689
201310,-0.7438,0.7609,2.3107,3.9464,2.7827,0.5487,1.584,1.2953,3.9638,4.4738,3.427,3.8212,3.1659,4.0161,5.6211,2.0958,3.8394,2.7505,4.6517,6.1944,4.8809,4.3778,5.2895,3.3388,3.7182
201311,7.9236,5.2361,5.7754,7.0466,5.076,6.1401,3.6781,3.2878,3.0467,5.7447,2.78,3.3246,3.5778,2.5925,3.9054,2.0902,1.8139,0.8106,-0.4453,3.7509,3.1874,3.5383,1.5842,1.9389,6.287
201312,1.9396,3.4764,2.4533,1.1318,1.4721,2.7701,0.4348,3.7135,1.8188,0.8143,1.6324,3.8368,2.7342,3.6731,2.4417,3.0717,3.6684,2.8419,3.3529,3.417,2.5949,2.3813,3.6064,2.3654,1.852
201401,3.3041,-2.6428,-2.3412,-3.876,-3.1392,0.0742,-2.1095,-5.2824,-4.1056,-6.2867,-0.3971,-3.0433,-4.4667,-2.4671,-2.2337,-2.6143,-3.3175,-0.8402,-5.0601,-3.0153,-4.049,-2.6216,-3.3278,-4.4952,-4.1077
201402,4.8862,3.4417,3.9862,5.6559,4.5919,4.5502,3.4905,6.1506,5.1287,4.1413,6.5535,4.7539,4.1506,6.8811,4.3081,5.8109,5.9948,4.8389,5.4287,5.4335,5.1379,5.0802,2.8961,4.2343,2.4412
201403,-4.8279,1.4286,0.267,1.0239,1.3903,-3.9276,0.0883,1.4635,1.1588,2.343,-4.6867,-0.0689,0.6456,1.3609,2.0133,-2.2999,-0.21,0.201,1.9547,5.1365,-1.413,0.518,2.2786,3.8375,3.5792
201404,-8.5279,-6.7566,-5.5683,-3.2501,-4.3311,-6.6694,-3.1342,-3.0897,-2.0223,-2.0377,-5.6612,-1.8492,-1.6097,-1.4442,-3.1163,-2.9929,-0.8722,0.222,0.0708,-0.5504,1.5486,0.0331,1.5252,1.9387,-2.174
201405,-2.5951,-1.3455,-0.5948,-0.8473,-0.1515,-0.2894,-0.1461,1.5417,-0.5674,-0.1046,1.2637,0.2341,2.4041,0.5608,1.8188,2.8554,1.5496,3.2299,1.1967,1.6337,3.1962,1.4622,2.3273,1.8051,1.2375
201406,5.5645,10.8269,3.5411,4.1017,3.8269,7.5865,6.4696,5.7443,4.9452,5.7527,6.2187,5.2595,3.8356,4.9129,5.0431,4.4438,3.8311,4.0071,3.9109,3.6228,1.1058,1.321,2.3823,3.2713,3.4549
201407,-9.1708,-7.7469,-6.2985,-4.4084,-4.9656,-5.2482,-6.5795,-5.5736,-6.3313,-5.896,-5.7155,-5.5759,-6.1389,-6.4021,-4.2476,-2.2321,-4.4356,-3.2311,-3.8396,-3.8099,-1.6322,-0.8399,-0.5171,-2.6182,-1.3682
201408,2.8224,4.5594,3.0486,4.5738,3.309,5.8072,5.3283,3.875,4.6757,5.1715,6.0665,4.0977,4.7463,5.4887,4.4737,6.1957,4.7064,5.2173,4.0519,4.5408,4.8987,4.4502,2.3417,2.3604,5.1399
201409,-6.9546,-4.4764,-6.9883,-5.6554,-5.7081,-4.9581,-4.3218,-5.4975,-5.2068,-7.95,-2.8909,-6.2538,-4.6494,-6.6746,-7.2001,-3.1932,-3.145,-4.2193,-4.5396,-4.7991,-0.5847,-0.8431,-1.62,-4.0202,-0.1807
201410,6.3009,6.7123,5.8368,7.2271,4.5847,8.3291,6.8808,6.0709,5.5067,4.2276,6.0342,6.0031,3.833,4.0514,4.0571,3.9045,0.4911,3.6154,3.7411,-0.5112,2.327,2.6781,2.0492,-0.0151,1.4951
201411,0.3404,0.2716,-1.303,-1.2854,-2.6297,1.6201,-0.6077,-0.456,-0.9452,-0.8839,2.6206,2.6032,-0.3334,0.0766,0.1135,3.2992,3.0711,3.4978,0.748,-1.9606,3.5656,3.5963,3.3364,-0.2452,0.9892
201412,6.0147,7.2169,5.4971,4.3796,3.9504,0.9928,3.3219,2.8073,2.664,2.8689,1.7993,0.8518,0.4779,1.72,0.2409,0.5545,-0.1189,0.5241,0.8105,0.7273,-1.2631,-1.4041,-0.1407,1.0522,2.3966
201501,-3.4533,-6.6442,-4.7034,-4.8748,-5.223,-1.3078,-4.4908,-4.4711,-4.7477,-7.0903,-0.6325,-1.5358,-3.8884,-4.7783,-5.1496,-1.1619,-2.417,-1.0944,-1.5132,-3.7222,-0.774,-2.6801,-4.1152,-4.1501,-7.7373
201502,4.166,7.0176,6.2411,5.2156,5.4832,7.2962,8.8607,6.5771,5.7144,4.82,7.501,8.3191,8.464,6.2137,5.6792,7.5537,7.0591,7.9941,5.3754,7.6508,6.0192,5.9564,6.5708,3.9635,5.8179
201503,-0.9142,2.8095,2.2518,1.9368,1.1643,3.2182,2.4343,0.6803,2.9601,1.0686,0.697,1.0343,1.7006,1.0782,0.9547,0.976,0.6059,1.2698,-0.5418,-0.5256,-1.0825,-2.1364,-2.286,-1.8429,-1.5704
201504,-4.0181,-2.7105,-2.9664,-2.1967,-0.4758,-3.8862,-2.6332,-2.6879,-0.0272,-0.8664,-3.1511,-1.3389,-0.9482,-0.8778,-0.5391,-1.5283,-0.2803,-1.3172,-1.6939,0.5503,0.2144,1.2045,1.3872,3.0755,1.8797
201505,3.4829,5.1954,0.711,0.2181,0.1062,3.0034,4.5503,2.9451,1.0254,0.0574,4.4456,2.3401,2.8958,2.0123,0.6142,2.2254,1.4441,2.7239,1.4267,-0.1522,1.5879,0.5833,1.2388,0.571,1.7018
201506,4.3462,2.2005,2.4301,2.0425,2.1574,1.3405,1.1249,-0.3006,-0.0163,1.4134,0.9317,0.2909,-0.9303,-2.3599,-0.2741,-1.4221,-0.3386,-2.0021,-2.1129,0.1172,-0.413,-3.3882,-1.7147,-3.2897,-0.5646
201507,-5.4393,-1.5933,-4.9974,-5.7923,-6.2055,-0.3374,-1.0897,-0.8822,-4.0194,-4.4022,1.8767,-0.1636,-3.3361,-3.5166,-6.6943,2.3436,0.3378,-0.4924,0.8534,-1.4167,3.1595,3.3836,0.4872,0.0764,0.5138
201508,-8.561,-6.9488,-4.837,-3.5984,-1.2762,-10.0475,-5.4723,-3.2947,-5.3336,-4.4744,-8.0562,-5.3975,-3.5754,-4.9955,-2.4872,-8.1834,-5.2577,-4.8312,-3.3262,-5.6751,-5.9196,-6.5508,-5.5625,-5.3198,-7.6081
201509,-8.5435,-9.2609,-6.1065,-4.0485,-5.9265,-9.6562,-5.1104,-5.0577,-3.2387,-4.8406,-6.2215,-4.0558,-5.1349,-5.7077,-5.4776,-5.7493,-4.075,-4.8112,-2.7628,-4.2141,-1.6941,-2.8834,-1.5106,-1.8205,-5.7124
201510,6.2173,6.7564,5.8458,5.3092,4.4374,3.0249,7.0562,6.3865,5.4885,5.2984,3.9372,6.2835,7.7321,4.8785,7.1957,5.8556,7.4091,7.4321,2.3518,6.487,8.5443,8.6744,8.7673,6.2203,7.5296
201511,5.3163,4.7931,3.0866,2.9927,2.2702,8.183,2.5873,3.0304,5.3146,4.9034,1.8467,2.1666,0.7961,2.9037,2.3323,1.149,0.5821,0.6998,1.5859,1.2133,0.0797,0.1681,-0.287,0.0732,3.2072
201512,-3.7893,-5.643,-4.7739,-5.269,-4.7348,-2.7039,-4.4341,-5.009,-5.5159,-6.5789,-3.3656,-5.0039,-4.6815,-5.9845,-8.9821,-3.2224,-3.041,-4.7001,-5.513,-6.2401,-1.355,-0.9403,-1.4891,-2.1169,-4.3515
201601,-13.3994,-14.534,-9.2626,-6.5315,-7.3582,-17.8334,-6.4415,-8.493,-7.2375,-8.2041,-11.8472,-6.7677,-6.8938,-6.3473,-6.973,-9.928,-6.7685,-6.6294,-6.0822,-8.3789,-6.0423,-3.422,-4.237,-3.5013,-12.0166
201602,-2.7755,0.4946,-0.0466,-1.3633,0.3482,-1.7128,0.5146,1.877,1.146,0.4566,-0.2088,1.2593,2.3735,1.0076,1.7143,1.075,2.0389,-0.009,0.9863,-1.7118,0.2547,-0.2697,1.2584,0.0747,-6.3983
201603,4.0873,8.5327,6.9907,6.9075,6.5046,8.9876,7.0188,8.4038,7.6407,8.5258,5.7485,7.5508,7.8794,10.3535,11.7842,8.12,7.47,9.9554,8.5718,9.1732,6.4941,6.3002,6.6194,7.5043,7.4769
201604,2.972,2.9965,2.7574,1.7368,5.7005,4.9586,0.0317,-0.0037,2.6946,2.9715,0.6334,-0.7287,1.621,3.5433,4.7676,2.0329,0.6865,2.1264,1.6306,4.919,-0.7362,-1.0419,2.5717,2.5395,7.2331
201605,0.9433,2.0414,1.4078,-0.9612,-1.2806,4.0983,2.161,0.7163,2.097,1.3751,3.1406,1.6576,0.5972,0.9596,0.8694,3.3258,1.903,4.6853,1.3654,2.4149,1.7235,2.1308,2.1579,-0.4628,1.8136
201606,-4.3032,-1.4515,-0.9053,1.0292,0.9723,-0.1037,1.2134,-0.7932,-1.7278,-0.2859,0.6938,-2.3787,-0.0816,-0.8369,-1.8235,-0.7419,-1.1663,-1.1771,0.2596,-4.3616,0.0493,0.0084,2.4878,1.1389,-6.6171
201607,4.8209,6.1216,6.8181,4.8519,5.5524,8.1538,6.3546,5.8787,4.8574,6.4123,7.0972,5.2008,6.6359,4.0987,6.0092,5.2238,4.122,3.1595,2.3826,6.3525,5.1766,3.5438,1.6591,1.0321,4.4146
201608,2.813,2.5331,4.1743,4.1786,3.2093,0.1588,3.3894,2.2134,2.9,3.5357,-1.0011,2.3575,3.4298,2.4629,1.678,1.0729,0.6544,2.1225,-0.7217,5.8841,-0.7406,-0.3644,-0.1131,2.4778,4.5893
201609,12.0903,2.8207,4.4079,2.901,1.9174,5.333,1.3799,1.0029,0.9733,0.8382,-0.3652,0.6036,0.3026,1.3784,1.3914,-0.3715,-0.2036,1.059,-0.0195,-0.3156,0.5408,0.2302,0.7705,-2.5855,0.2205
201610,-10.9504,-9.2835,-6.7801,-3.5777,-3.2357,-9.6834,-6.7028,-5.7006,-2.5162,-4.9314,-4.747,-4.7567,-3.0681,-2.719,-3.9312,-3.3217,-1.8948,-0.8978,-2.1072,-0.5216,-2.3928,-1.9482,-2.0389,0.6702,2.3809
201611,7.336,9.5424,13.3538,13.8382,13.513,9.4769,10.3387,13.0933,16.1803,14.3475,5.9895,8.7986,10.24,13.3856,17.1698,3.4193,7.1948,7.0004,7.3108,16.5963,1.0592,3.8052,4.4713,6.4641,14.1219
201612,0.9805,3.7063,2.682,8.0078,4.2934,-2.5492,1.4533,2.4178,4.6447,3.7479,0.5954,1.6087,1.4492,2.1295,2.039,-0.0502,0.1256,1.2784,1.7431,2.0505,1.2818,1.3336,2.2948,3.9759,4.1841
201701,2.0868,-4.3116,-0.2902,-1.7818,0.0019,2.516,1.7691,-0.5334,-2.2133,0.3824,2.3658,1.8717,1.2517,0.1555,0.5139,3.3763,3.7123,1.5711,1.7644,1.5886,3.3933,2.4528,-0.5578,1.2304,-0.2832
201702,3.7229,1.7187,2.1355,0.6099,-1.6446,5.7907,0.815,0.6323,1.4777,1.2645,4.2186,1.5554,0.8826,1.5297,0.319,3.746,2.598,3.1363,1.7693,2.8246,4.7754,3.055,2.2664,3.8962,4.5079
201703,2.7148,3.3904,2.2805,0.815,0.122,3.6002,0.293,-0.8182,-0.7114,-2.0133,1.4461,-0.2488,0.8338,-0.8288,-2.3952,0.6855,-0.0027,0.6212,-0.2041,-3.4389,1.4449,0.3273,-0.6042,-1.2403,-3.1086
201704,3.2022,0.5141,0.7844,2.3845,0.0452,4.0822,1.2138,1.0646,1.548,0.4283,1.8594,1.2311,1.5389,-0.1365,-2.5911,1.9999,1.4753,0.275,-0.3043,-0.8646,1.8933,1.9065,0.4494,-0.3939,-0.7595
201705,-2.0808,-3.2942,-1.967,-2.6935,-3.2943,0.2327,-0.9129,-2.3197,-4.284,-4.1444,1.712,-0.6143,-2.522,-2.156,-4.2584,1.7788,-0.5537,0.2405,-0.3054,-3.0091,2.8559,2.1753,0.5136,-0.2473,-2.1792
201706,9.4004,8.7196,4.9035,3.821,4.4611,6.1472,2.7947,3.1858,3.0219,4.1254,2.5692,2.1792,2.793,2.2748,3.414,1.5058,1.5844,1.3003,2.5497,3.9372,-0.4619,0.2499,-0.6312,2.2496,5.1861
201707,-0.8589,-2.8428,-0.8552,-0.801,-0.1249,-0.2083,0.7061,0.8531,1.3819,2.275,0.9407,0.6122,1.5905,0.184,2.6142,1.655,1.3421,0.9707,2.894,2.067,2.5863,2.2531,1.4949,2.1882,2.2904
201708,-0.8183,-0.2393,-1.7991,-1.9869,-1.3833,-0.7164,-1.2044,-1.8427,-3.0301,-3.8663,0.823,-1.8883,-2.0483,-0.6197,-3.2066,0.9905,0.0889,-0.3493,-1.6615,-2.2476,2.092,-0.0321,-0.4195,-0.0199,-1.678
201709,7.0229,6.0087,10.267,9.7475,9.083,5.6242,6.5061,8.9661,9.2934,6.98,2.4952,4.8942,6.7246,6.5092,5.4912,3.0249,3.8223,4.5504,3.4414,5.7385,1.0122,1.3614,3.7106,2.813,5.0854
201710,-3.6035,-2.4495,2.999,0.0114,0.9484,0.2335,1.494,0.428,-0.1475,0.9225,2.5455,1.6765,1.6327,0.5599,3.5402,2.6312,3.435,1.836,-0.3758,2.0675,4.2493,0.7418,2.1591,1.2064,4.2421
201711,1.5729,4.6128,2.5785,2.0901,4.029,2.1856,3.3552,2.6579,2.2264,1.36,3.8159,3.6544,3.2922,3.4201,3.6834,4.8405,4.7755,4.3563,3.2284,4.8616,3.2434,2.3705,4.6568,2.8178,2.4124
201712,1.3687,0.146,-0.4591,-1.3883,0.1551,0.0474,2.3452,-1.681,-0.1101,0.2942,1.071,0.0421,0.1161,-1.2781,0.4002,0.4122,0.7445,0.6111,1.1047,3.6209,1.0032,1.5637,1.4632,1.18,1.2058
201801,3.5654,2.93,2.5563,2.7154,0.6733,3.1989,2.2512,2.8393,2.2348,2.0348,5.0871,3.5456,3.6392,3.6246,2.3094,5.1197,5.6637,4.5639,3.4902,1.6611,8.1074,5.2743,5.0539,4.2435,6.0332
201802,-2.1283,-2.0574,-4.2474,-3.3146,-3.7611,-3.9807,-1.9719,-4.2102,-3.7052,-3.9324,-2.9935,-3.6614,-5.0195,-4.4309,-4.6526,-3.228,-4.9332,-3.632,-4.667,-4.4925,-1.3863,-4.9183,-5.1658,-5.6261,-1.9831
201803,2.8646,-0.9477,0.7488,2.7235,2.5746,2.0735,0.4519,1.1712,1.3847,0.8733,2.1509,1.1957,-1.1031,1.5985,0.4396,-0.3929,0.2536,-0.1536,0.6775,0.4637,-2.7975,-3.9761,-1.2527,-1.6636,-4.6412
201804,0.2697,4.6797,0.727,1.1392,1.2147,0.2333,1.3755,1.1168,0.8537,4.7162,-0.195,0.3348,-2.0087,1.3173,-0.0078,-0.0454,-0.5288,-0.948,-0.532,2.2344,0.2422,0.9675,1.315,0.6455,-0.1006
201805,14.5777,10.1143,7.6709,6.3978,6.3747,8.4785,6.8226,7.1224,7.2472,3.8103,6.2185,5.2232,4.531,5.3778,4.6804,4.1514,4.5672,2.4547,1.943,1.7657,4.3877,2.3299,0.9239,0.4183,-1.5961
201806,3.7,2.9253,0.4519,1.0932,1.9204,1.2844,4.6387,-0.2093,-1.2053,1.2422,-0.3634,0.749,0.0599,-0.0969,-1.3335,1.5624,1.3244,-0.4191,-0.9957,-0.5256,0.9436,1.2194,-0.0322,0.5141,-2.351
201807,-1.0455,-0.7197,1.0937,-0.2067,-0.0165,1.4532,3.8825,3.6781,0.6118,2.8071,1.2503,2.7288,2.1029,2.4366,-0.5292,2.3644,3.0829,2.4877,1.3779,2.9086,2.9769,5.2021,3.562,3.483,5.6013
201808,4.7923,8.0309,2.7648,1.5987,2.8118,7.7813,4.9497,4.0248,2.1981,2.5504,6.4986,5.0401,2.7887,2.3492,4.3948,7.3844,3.0922,-0.6421,0.9253,-0.9089,6.2655,1.956,1.9223,0.6375,1.3586
201809,-2.8441,-0.6745,-4.0935,-3.3188,-2.4181,-1.6413,-1.3524,-3.509,-3.5378,-1.483,-1.9252,-1.2287,-2.1672,-3.9404,-2.4274,-0.9068,0.3552,-1.8178,0.1326,-0.1933,0.9463,1.2684,-0.3348,-0.9389,-1.6457
201810,-13.5215,-15.5259,-10.9027,-9.1946,-8.6519,-12.6724,-12.0894,-12.3371,-11.2467,-8.3697,-13.343,-10.6696,-8.5633,-7.87,-8.9386,-9.6154,-9.9403,-8.402,-6.7429,-9.2492,-8.8962,-4.9594,-4.8326,-4.7949,-7.5416
201811,-1.5152,0.299,-0.1806,0.256,-3.5715,3.3471,1.8302,2.8012,2.0065,0.5028,0.4686,2.3467,2.8172,2.1228,-0.5705,2.6352,1.9003,3.5374,-0.5676,5.2197,0.8289,3.1364,2.0209,2.7367,0.3229
201812,-13.806,-13.7258,-11.4912,-11.3527,-12.4939,-12.3198,-11.1785,-11.8332,-12.5595,-11.9782,-11.1758,-10.9152,-11.6721,-12.0029,-14.6235,-10.101,-11.3226,-10.813,-12.3664,-12.8479,-8.4588,-7.1948,-10.0614,-10.4916,-12.7582
201901,12.3427,11.0726,9.8639,8.7202,10.934,10.7996,11.0927,9.8781,10.2984,10.666,14.3159,10.1783,11.5542,10.844,14.0946,11.3018,10.4075,10.6967,11.9997,12.1671,8.1274,6.3757,10.1947,6.4627,13.1555
201902,8.0461,5.5639,6.3393,5.0022,4.7486,6.3418,6.89,5.8302,5.0553,0.9911,6.6263,6.0306,4.8124,3.8442,2.2877,7.0518,4.9074,3.1004,2.2951,3.1536,3.8916,2.8723,3.9167,1.3285,1.7422
201903,0.989,-1.0001,-2.8046,-5.4001,-3.7271,-0.3945,-1.284,-2.9659,-6.1177,-2.8559,-1.328,-1.9269,-0.8435,-1.9565,-3.5996,1.796,0.9373,-0.6084,-0.5349,-3.1665,3.2692,1.8513,0.1887,-0.7163,-3.1783
201904,0.7129,1.4767,2.2295,4.0318,1.7551,3.3599,1.5311,3.6168,3.7756,3.4597,3.1947,4.6088,6.8872,5.6957,3.7548,3.2165,4.0161,4.2844,5.2871,4.5469,4.3917,3.1275,3.6341,5.2281,8.9563
201905,-5.9197,-5.0277,-7.7828,-8.8885,-8.1428,-8.8707,-7.5509,-7.6881,-10.4497,-10.7127,-5.4001,-8.2033,-7.7043,-8.7436,-9.8356,-5.5611,-7.7144,-7.3369,-8.9526,-7.9439,-6.8928,-5.5512,-4.9835,-8.213,-8.7528
201906,7.0735,6.5854,4.6369,6.7514,4.7581,8.8701,8.6072,8.7573,6.7487,6.7122,9.5661,8.5183,7.5584,6.5947,6.5928,7.1514,9.5575,9.3338,7.4507,6.8096,7.6863,5.7902,6.1146,6.6409,7.9545
201907,-3.1258,-1.3235,-1.2785,-1.8429,-2.1091,-2.7946,1.0715,0.8134,1.0788,-0.206,2.7938,1.7777,0.6505,-0.0583,1.3426,2.0371,1.4096,1.8027,-0.0787,-0.0257,1.5629,1.9377,1.6068,1.0204,2.1164
201908,-4.08,-5.6437,-7.3534,-6.6778,-8.716,-0.7409,-6.9259,-4.6348,-5.7619,-10.3266,-5.5241,-4.6257,-5.0816,-7.2652,-10.2126,-2.0363,-4.5451,-5.3894,-4.6217,-8.1853,-0.2367,-2.3101,-3.0445,-3.875,-7.8637
201909,-3.487,0.0304,3.5213,5.4893,7.612,-1.5319,2.121,3.8731,5.5229,4.1158,-3.242,1.3086,2.8166,6.4351,6.4148,-3.2023,2.9781,5.1726,6.2974,5.0451,0.4124,1.5308,2.9621,4.8931,4.7461
201910,0.6046,0.0714,1.0479,1.0556,-0.5219,3.7111,4.7036,1.4648,2.6288,1.8663,3.606,2.5409,1.9789,2.8874,0.372,2.7965,1.4512,-0.1499,-0.2386,-3.1923,3.0215,1.8109,2.6133,2.0998,2.1888
201911,7.9752,5.6208,3.5631,3.5506,4.0924,8.4322,3.4769,3.1863,3.6647,1.6285,7.1647,2.968,1.6787,5.1335,3.7462,7.6242,4.2888,2.8961,2.764,3.8311,3.8883,4.5384,2.2223,3.2125,4.1209
201912,3.8862,12.6059,2.7993,4.6594,7.2269,3.9925,1.8723,6.2277,2.4827,7.16,0.2188,3.2658,4.0034,2.0562,3.3238,-0.4646,3.2897,3.4841,2.8491,5.8578,3.6688,1.566,2.5247,3.2753,2.9788
202001,-1.3667,-3.1481,-4.5995,-5.9299,-9.9657,-2.4339,-2.278,-5.849,-6.1912,-9.2808,-1.1815,-1.1648,-2.5066,-5.0258,-8.5386,1.0712,-2.1766,-1.6614,-2.9078,-3.4023,2.461,0.4969,-0.7311,-5.5382,-3.0182
202002,-6.0697,-4.2778,-4.3685,-8.5408,-8.5205,-7.5396,-8.2619,-10.8665,-9.8765,-11.0364,-6.5626,-6.9085,-11.414,-8.6399,-11.4194,-6.6382,-7.0776,-9.4526,-10.6067,-13.3236,-7.0089,-8.0341,-9.1094,-11.0157,-11.0256
202003,-21.4445,-15.2449,-21.8891,-26.5469,-27.6314,-19.7621,-19.3,-21.708,-24.0146,-32.2487,-18.1079,-18.3463,-18.203,-26.9527,-31.2463,-12.1936,-17.9353,-20.299,-33.2024,-32.4771,-7.7776,-11.1605,-16.1078,-20.5614,-29.996
202004,24.6779,20.1367,15.0043,11.0667,15.65,19.3266,12.6204,12.4026,10.3269,26.3008,17.6989,13.0291,10.3601,14.7946,19.4803,16.5488,13.671,12.875,16.6285,17.4422,14.0871,13.804,9.8372,10.6413,16.7225
202005,12.1994,6.5318,6.199,4.4049,4.3258,10.1687,7.323,3.6503,1.611,7.0458,12.6546,8.882,5.1264,4.6922,1.641,10.9708,8.5401,5.9835,3.5333,1.9026,5.6396,5.5252,3.5971,1.0429,5.5976
202006,10.7297,2.1913,6.5405,4.4576,6.2078,5.3938,2.8888,3.8632,3.4064,2.4583,4.7272,1.1748,-0.0094,4.441,0.1295,2.2766,0.6787,-1.0334,2.1407,1.8658,5.0962,-0.8762,-0.3663,-1.8927,3.5332
202007,0.642,0.1448,3.3145,-0.6515,3.7224,0.7057,3.5651,3.2922,1.5165,3.0645,1.2792,3.7941,2.6457,3.7579,4.0242,5.9818,7.5968,6.4259,2.6287,2.266,7.7616,5.4088,4.32,1.7876,2.9417
202008,3.0099,6.5511,4.1988,5.5097,5.9987,7.81,6.8622,4.287,2.9192,9.1623,8.4821,5.2205,3.2032,5.6891,3.6111,4.2091,3.5822,4.64,5.7485,3.7762,10.8157,6.2953,2.4304,2.6434,3.4831
202009,-1.6193,-1.2874,-4.2537,-3.5087,-3.1869,0.4808,-4.7642,-5.1324,-6.8687,-5.253,-3.083,-1.3016,-4.3134,-3.3387,-6.7967,0.909,-2.6645,-3.5014,-3.0206,-4.4416,-4.5527,-3.4242,-1.2523,-4.67,-6.1118
202010,-2.2465,-1.5312,-0.1675,3.1268,1.3537,-2.4196,4.0365,2.6865,5.7317,6.1105,2.9944,2.1353,2.9064,4.9118,7.712,1.3565,1.8118,1.8801,1.9523,1.6208,-4.5803,0.185,-0.0869,-2.2682,0.9883
202011,25.3269,21.8288,19.7047,20.4751,24.2949,21.4923,18.6468,18.6228,19.4014,18.4031,20.5817,17.118,15.0555,16.6408,22.6099,13.7144,12.8315,15.9609,16.2055,20.2193,10.7126,9.4938,14.4605,16.0806,21.978
202012,12.7075,7.5806,9.4971,8.3636,7.4247,11.1801,10.2698,8.4773,8.8012,7.0897,12.279,8.7182,6.8997,9.1572,8.8013,6.919,5.8879,4.7273,7.8562,5.1531,5.297,1.7838,3.418,3.2197,8.0465
202101,16.3507,14.3185,7.929,7.2574,40.7215,12.1333,5.0399,8.1537,4.2039,8.5331,2.4341,0.9579,2.5027,1.7712,3.7068,-0.207,0.6742,-0.2155,2.4656,1.9749,-0.9477,-0.3844,-2.0951,0.8256,1.0989
202102,9.0335,5.9056,10.4974,11.4966,-3.1854,3.9416,8.8313,9.0869,11.6624,9.3689,0.1372,7.7733,8.2245,12.3679,14.2858,3.475,5.3391,9.1333,12.2373,12.6722,-0.6013,3.2736,6.7689,8.3882,14.3221
202103,-5.0924,1.1965,2.0749,6.1428,11.5952,-5.2298,-0.8036,2.3836,4.7201,7.5352,-4.7523,2.5244,4.9867,5.8852,6.9717,-1.9502,4.1918,3.8556,5.3175,6.5577,1.8242,4.9932,5.9902,7.3866,6.1788
202104,-3.1918,-2.5146,1.6436,1.0073,-0.9711,3.5662,1.6463,2.239,0.7952,1.2227,3.16,3.9948,3.9771,2.052,3.3298,4.3807,3.1023,5.9322,3.353,6.0459,5.8966,5.8241,3.987,4.7821,4.5701
202105,1.4358,0.5285,0.7486,2.3463,10.4483,-2.434,0.1611,0.5692,2.6063,7.3152,-3.3785,-0.9663,0.4506,1.6144,6.8866,-1.9889,0.0367,2.1225,3.7037,4.4815,-1.383,0.7609,3.3797,3.6626,8.0384
202106,8.6902,5.1847,1.0202,-0.4778,3.7169,6.6363,3.5228,1.3767,-2.0188,1.1213,5.3723,0.1493,-2.028,-3.1637,-5.7088,5.1402,0.2436,-1.0576,-3.8628,-4.639,5.7328,1.4829,-2.2818,-2.3452,-3.7225
202107,-10.1732,-7.6929,-3.6096,-4.7526,-1.5473,-7.4616,-3.2841,-1.7331,-2.1717,-6.035,-2.5013,-1.1614,-1.0348,-1.1665,-4.5054,-0.7491,1.8909,-1.2862,1.3608,-4.2888,3.3018,3.1933,0.4058,-1.5416,-3.4379
202108,2.5426,5.5795,4.0673,2.6149,3.975,1.9219,2.3608,1.2415,1.5206,2.4336,1.9046,1.4109,1.8187,1.8091,3.5476,3.2077,1.5669,1.6435,3.2307,5.0117,3.3115,4.128,0.5564,1.2868,4.3102
