date,Mkt-RF,SMB,HML,RF,Mom,ST_Rev,LT_Rev
197901,4.23,3.79,2.2,0.77,-1.36,5.62,-0.65
197902,-3.56,0.54,1.14,0.73,-1.06,1.31,0.92
197903,5.68,3.2,-0.73,0.81,2.93,1.47,-0.36
197904,-0.06,2.4,1.08,0.8,0.81,-0.4,-0.43
197905,-2.21,0.17,1.32,0.82,-0.54,1.17,0.71
197906,3.85,0.99,1.39,0.81,0.84,1.19,-2.71
197907,0.82,1.27,1.86,0.77,-1.07,0.62,-2
197908,5.53,1.92,-1.58,0.77,-0.21,0.79,-1.67
197909,-0.82,-0.33,-0.9,0.83,5.28,-1.63,0.13
197910,-8.1,-3.51,-1.86,0.87,2.01,-1.94,1.53
197911,5.21,2.53,-3.28,0.99,8.14,1.31,-2.27
197912,1.79,4.32,-2.1,0.95,4.78,-1.89,-0.36
198001,5.51,1.82,1.75,0.8,7.55,-3.41,-0.69
198002,-1.22,-1.58,0.61,0.89,7.88,-4.91,-0.01
198003,-12.9,-6.92,-1.01,1.21,-9.55,8.46,2.51
198004,3.97,1.05,1.08,1.26,-0.43,1.4,-0.05
198005,5.26,2.1,0.38,0.81,-1.12,2.84,0.83
198006,3.06,1.42,-0.76,0.61,1.62,2.24,-2.8
198007,6.49,3.82,-6.41,0.53,0.35,2.95,-1.62
198008,1.8,4.26,-2.61,0.64,3.21,-0.84,-1.55
198009,2.19,0.66,-4.58,0.75,5.39,-1.52,-1.72
198010,1.06,2.36,-2.79,0.95,7.3,-1.96,-2.73
198011,9.59,-3.31,-8.33,0.96,15.22,-9.71,-7.88
198012,-4.52,-0.29,2.79,1.31,-6.68,6.38,3.45
198101,-5.04,3.29,6.72,1.04,-7.95,-2.29,7.56
198102,0.57,-0.51,1.02,1.07,-1.35,-2.33,2.57
198103,3.56,3.03,0.64,1.21,0.74,1.59,1.54
198104,-2.11,4.59,2.28,1.08,-0.91,-1.49,2.74
198105,0.11,2.45,-0.42,1.15,3.7,-3.78,1.59
198106,-2.36,-0.95,5.13,1.35,-5.81,4.78,0.99
198107,-1.54,-2.05,-0.49,1.24,-2.45,-0.56,-3.49
198108,-7.04,-1.81,4.79,1.28,-1.15,-0.65,1.3
198109,-7.17,-2.44,5.17,1.24,1.95,-1.11,5.13
198110,4.92,2.36,-4.21,1.21,4.01,4.55,-4.93
198111,3.36,-1.51,1.85,1.07,-0.27,2.67,0.64
198112,-3.65,1.2,0.82,0.87,1.3,1.66,1.4
198201,-3.24,-1.13,3.19,0.8,1.72,-1.37,6.34
198202,-5.86,0.35,6.05,0.92,4.88,-4.31,5.95
198203,-1.87,-0.04,3.83,0.98,2.96,-1.89,3.92
198204,3.27,1.09,-2.7,1.13,-0.4,1.65,-1.68
198205,-3.99,0.64,1.76,1.06,2.5,1.99,1.48
198206,-3.09,-0.52,1.55,0.96,4.96,0.15,1.95
198207,-3.19,0.95,0.09,1.05,4.44,-2.83,2.23
198208,11.14,-4.33,0.93,0.76,-3.52,1.14,-0.91
198209,1.29,2.62,0.27,0.51,4.19,4.52,-0.53
198210,11.3,1.94,-3.67,0.59,0.18,2.97,-0.69
198211,4.67,4.42,-1.85,0.63,5.94,-4.48,1.03
198212,0.55,-0.07,0.01,0.67,0.04,3.8,0.97
198301,3.6,3.33,-0.71,0.69,-1.74,3.18,0.12
198302,2.59,2.93,0.7,0.62,3.78,2.63,-0.37
198303,2.82,1.38,2.01,0.63,0.93,0.34,0.96
198304,6.67,0.47,0.51,0.71,1.72,-0.55,3.1
198305,0.52,6.33,-1.42,0.69,-1.56,2.73,-2.02
198306,3.07,1.19,-3.91,0.67,1.8,0.18,-0.84
198307,-4.07,1.01,5.62,0.74,-3.11,2.07,1.29
198308,-0.5,-4.32,5.54,0.76,-5.43,-0.65,0.15
198309,0.91,0.31,1.01,0.76,-0.03,2.36,0.77
198310,-3.44,-3.78,4.97,0.76,-4.52,-1.63,1.17
198311,2.16,1.89,-0.73,0.7,-0.13,4.94,-1.25
198312,-1.78,-0.45,1.7,0.73,0.84,1.97,1.3
198401,-1.92,-0.03,7.57,0.76,-2.56,0.64,4.24
198402,-4.82,-1.6,3.34,0.71,0.22,-2.06,0.22
198403,0.63,-0.29,0.47,0.73,1.07,2.51,0.8
198404,-0.51,-0.96,1.19,0.81,2.07,1.61,-1.65
198405,-5.97,0.14,0.29,0.78,1.51,0.81,-0.29
198406,1.82,0.1,-2.66,0.75,-0.7,0.96,-3.58
198407,-2.74,-2.22,0.33,0.82,2.83,-1.47,-1.57
198408,10.28,-0.26,-1.8,0.83,-5.59,7.29,-1.8
198409,-0.8,-0.03,5.23,0.86,3.62,4.28,1.74
198410,-0.84,-1.44,0.47,1,3.15,-1.21,-1.7
198411,-1.76,-1.01,4.04,0.73,1.64,-0.67,1.07
198412,1.84,-0.65,-0.25,0.64,1.49,0.8,-3.1
198501,7.99,3.5,-5.33,0.65,-6.82,2.32,-1.83
198502,1.22,1.04,-0.1,0.58,1.88,2.5,-0.08
198503,-0.84,-1.39,4.07,0.62,1.58,-1.37,-0.92
198504,-0.96,-0.1,3.72,0.72,3.04,-2.46,0.16
198505,5.09,-2.31,-0.94,0.66,3.99,-0.54,-3.97
198506,1.27,0.38,0.47,0.55,3.57,-0.67,-2.41
198507,-0.74,2.87,-1.6,0.62,-3.91,3.62,1.6
198508,-1.02,-0.29,2.28,0.55,1.85,1.77,0.01
198509,-4.54,-1.8,1.29,0.6,1.51,-1.85,-0.8
198510,4.02,-1.49,0.75,0.65,4.88,0.66,-2.49
198511,6.48,0.02,-2.84,0.61,-0.47,2.41,-2.22
198512,3.88,-0.4,-1.54,0.65,-0.23,-0.34,-3.08
198601,0.65,1,0.44,0.56,3,0.84,-2.75
198602,7.13,-0.71,-0.77,0.53,2.76,-1.69,-3.63
198603,4.88,-0.65,-0.37,0.6,2.41,-0.07,-2.66
198604,-1.31,2.86,-2.86,0.52,-0.36,2.82,-1.24
198605,4.62,-1.29,-0.21,0.49,2.05,1.05,-1.49
198606,1.03,-0.88,1.3,0.52,5.07,-2.48,-6.4
198607,-6.45,-3.45,4.7,0.52,1.85,-2.88,-3.83
198608,6.07,-4.35,3.51,0.46,-5.28,1.14,4.75
198609,-8.6,2.05,3.22,0.45,-5.79,-0.31,3.9
198610,4.66,-2.33,-1.42,0.46,4.46,3.58,0.71
198611,1.17,-1.89,-0.07,0.39,-0.26,0.71,0.24
198612,-3.27,0.12,0.36,0.49,0.35,0.61,0.58
198701,12.47,-1.54,-3.16,0.42,2.2,0.31,3.19
198702,4.39,3.4,-5.91,0.43,-2.07,-1.11,-0.12
198703,1.64,0.27,1.61,0.47,1.68,1.81,4.35
198704,-2.11,-1.54,-0.39,0.44,0.22,-1.9,3.68
198705,0.11,-0.56,0.23,0.38,-0.74,-0.3,1.99
198706,3.94,-2.21,1.04,0.48,-0.25,0.01,-1.3
198707,3.85,-1.12,0.73,0.46,2.66,-0.25,2.29
198708,3.52,-0.95,-0.95,0.47,-0.86,2.45,-2.84
198709,-2.59,0.4,0.3,0.45,0.77,-0.4,2.98
198710,-23.24,-8.05,4.23,0.6,-7.86,-0.13,-5.8
198711,-7.77,2.87,2.96,0.35,-1.17,-0.87,-0.2
198712,6.81,0.06,-4.39,0.39,5.87,5.8,2.77
198801,4.21,-0.53,4.95,0.29,-7.27,7.93,-1.61
198802,4.75,3.31,-1.69,0.46,-1.47,4.36,1.34
198803,-2.27,6.24,0.74,0.44,0.58,-0.84,1.23
198804,0.56,1.15,1.63,0.46,2.24,0.23,0.47
198805,-0.29,-2.57,2.42,0.51,0.63,0.65,-0.05
198806,4.79,2.14,-1.22,0.49,-2.93,1.87,1.87
198807,-1.25,-0.21,2.17,0.51,0.65,3.36,-1.35
198808,-3.31,-0.03,2.1,0.59,0.35,-1.93,-1.96
198809,3.3,-1.35,-0.75,0.62,0.27,-0.12,-2
198810,1.15,-2.95,1.69,0.61,1.33,-1,-0.25
198811,-2.29,-1.65,1.3,0.57,0.33,-0.67,-0.8
198812,1.49,2.02,-1.61,0.63,0.49,2.29,0.79
198901,6.1,-2.31,0.62,0.55,-0.16,0.97,2.83
198902,-2.25,2.71,0.93,0.61,0.99,1.07,0.93
198903,1.57,0.68,0.54,0.67,3.51,-0.89,0.55
198904,4.33,-0.78,-1.4,0.67,1.77,-0.65,-1.06
198905,3.35,0,-0.87,0.79,1.52,-2.74,-1.72
198906,-1.35,-1.09,2.23,0.71,0.43,2.3,-0.65
198907,7.2,-4.17,-2.79,0.7,5.39,1.45,-1.75
198908,1.44,0.48,0.6,0.74,-0.12,1.85,0.15
198909,-0.76,0.49,-1.27,0.65,3.4,1.17,-2.83
198910,-3.67,-3.32,-1.11,0.68,1.32,-4.32,-3.53
198911,1.03,-1.29,-1.09,0.69,2.6,-1.75,-1.25
198912,1.16,-2.28,0.16,0.61,2.8,-2.56,-0.82
199001,-7.85,-1.32,0.85,0.57,-3.27,1.02,3.48
199002,1.11,1.15,0.64,0.57,-0.54,0.49,1.91
199003,1.83,1.58,-2.92,0.64,1.8,0.17,-0.24
199004,-3.36,-0.32,-2.59,0.69,2.39,-1.82,-1.18
199005,8.42,-2.37,-3.83,0.68,3.03,-0.35,0.99
199006,-1.09,1.31,-1.93,0.63,2.4,-0.22,-1.48
199007,-1.9,-3.13,-0.04,0.68,6.14,-0.7,-1.91
199008,-10.15,-3.86,1.6,0.66,1.88,-3.65,1.56
199009,-6.12,-3.74,0.61,0.6,5.78,-5.98,0.37
199010,-1.92,-5.07,0,0.68,6.71,-2.68,-3.38
199011,6.35,0.04,-2.97,0.57,-5.48,5.85,-0.63
199012,2.46,0.64,-1.63,0.6,0.29,-3.01,-2.08
199101,4.69,3.89,-1.57,0.52,-6.45,-1.93,6.31
199102,7.19,4.02,-0.63,0.48,-4.61,1.93,1.13
199103,2.65,3.82,-1.3,0.44,2.87,0.52,-0.45
199104,-0.28,0.32,1.45,0.53,-2.36,1.57,-1.22
199105,3.65,0.12,-0.49,0.47,-0.11,0.08,1.37
199106,-4.94,0.26,1.07,0.42,0.47,2.06,-1.76
199107,4.24,-0.95,-1.32,0.49,4.22,2.14,0.71
199108,2.32,1.41,-0.78,0.46,1.57,-2.92,-0.5
199109,-1.59,1.56,-1.07,0.46,1.79,-0.76,-0.73
199110,1.29,0.9,-0.46,0.42,3.06,-1.18,2.35
199111,-4.19,-0.84,-1.88,0.39,1.14,-0.4,-2.75
199112,10.84,-2.4,-4.18,0.38,8.19,1.06,-0.9
199201,-0.59,9.19,4.7,0.34,-2.49,5.22,9.44
199202,1.09,1.34,6.47,0.28,-0.53,-2.9,5.27
199203,-2.66,-0.93,3.55,0.34,-0.29,-1.09,1.42
199204,1.07,-5.7,4.32,0.32,-2.58,-3.38,0.78
199205,0.3,0.21,1.19,0.28,0.21,-0.15,-0.5
199206,-2.34,-2.74,3.25,0.32,-0.58,0.91,1.21
199207,3.77,-0.66,-0.55,0.31,1.59,2.14,-1.38
199208,-2.38,-0.44,-1.08,0.26,-0.51,-1.56,-4.11
199209,1.19,0.44,-0.23,0.26,1.5,-1.12,0.09
199210,1.02,2.09,-1.98,0.23,2.48,-0.2,-0.9
199211,4.13,3.98,-1.42,0.23,-0.15,-1.04,0.32
199212,1.53,1.67,2.65,0.28,4.32,1.23,0.84
199301,0.93,1.89,5.95,0.23,4.84,-0.45,5.55
199302,0.12,-3.47,6.44,0.22,3.14,-1.49,4.21
199303,2.3,0.08,1.19,0.25,3.73,-0.95,1.88
199304,-3.05,-0.86,2.48,0.24,0.38,-1.71,2.37
199305,2.89,1.93,-3.5,0.22,0.22,1.49,1.32
199306,0.31,0.16,2.72,0.25,4.55,2.24,1.72
199307,-0.34,0.92,2.82,0.24,3.19,-2.66,0.94
199308,3.71,0.11,0.14,0.25,2.65,1.28,1.11
199309,-0.12,2.94,-0.35,0.26,3.37,0.69,0.62
199310,1.41,1.89,-2.78,0.22,-2.72,1.9,1.67
199311,-1.89,-1.18,-0.66,0.25,-4.73,-1.39,1.53
199312,1.65,1.38,0.27,0.23,2.36,1.07,0.4
199401,2.87,0.08,1.28,0.25,0,1.69,3.83
199402,-2.55,2.67,-1.56,0.21,-0.3,0.36,-0.12
199403,-4.78,-1.09,1.55,0.27,-1.27,0.09,0.62
199404,0.68,-1,1.66,0.27,0.39,-0.38,0.19
199405,0.58,-2.53,0.7,0.31,-2.19,0.06,1.65
199406,-3.03,-0.48,1.67,0.31,-0.87,0.14,0.47
199407,2.82,-1.79,0.57,0.28,0.1,1.49,0.4
199408,4.01,1.38,-2.5,0.37,1.55,1.44,2.27
199409,-2.31,2.76,-1.84,0.37,1.31,-0.77,1.67
199410,1.34,-2.31,-1.63,0.38,1.49,-0.22,0.67
199411,-4.04,0.13,-0.73,0.37,-0.18,-2.01,-1.61
199412,0.86,-0.04,-0.09,0.44,3.48,0.81,0.18
199501,1.8,-3.02,2.51,0.42,-1.81,4,-0.56
199502,3.63,-0.54,1.09,0.4,-0.39,2.39,-1.02
199503,2.19,-0.53,-2.08,0.46,0.43,-0.04,1.23
199504,2.11,-0.22,1.7,0.44,1.79,-0.52,0.37
199505,2.9,-2.18,2.27,0.54,-0.42,-0.46,-1.14
199506,2.72,3.03,-2.54,0.47,2.93,1.23,-1.76
199507,3.72,2.08,-1.59,0.45,2.57,-2.16,-0.85
199508,0.55,1.76,2.81,0.47,0.16,1.28,-1.13
199509,3.35,-1.9,-0.05,0.43,2.91,-0.89,-0.97
199510,-1.52,-4.07,-0.51,0.47,4.16,-1.02,0.61
199511,3.96,-1.07,0.58,0.42,-0.68,0.6,0.75
199512,1.03,0.73,0.18,0.49,2.52,-0.98,3.99
199601,2.26,-2.56,0.4,0.43,0.54,1,1.27
199602,1.33,1.76,-1.07,0.39,0.59,2.17,-1.29
199603,0.73,1.64,0.36,0.39,-1.84,-0.11,-0.25
199604,2.06,4.7,-4.05,0.46,-0.88,0.69,-0.72
199605,2.36,3.22,-0.89,0.42,1.54,-1.07,1.24
199606,-1.14,-3.64,2.38,0.4,0.98,-0.18,-0.15
199607,-5.97,-3.8,5.14,0.45,-0.17,-2.42,-0.04
199608,2.77,2.58,-0.74,0.41,0.01,2.55,-1.59
199609,5.01,-1.39,-2.7,0.44,2.7,0.54,-2.13
199610,0.86,-3.76,4.94,0.42,3.79,-1.12,0.09
199611,6.25,-3.82,1.39,0.41,-2.37,0.22,-2.46
199612,-1.7,3.26,1.32,0.46,0.63,0.64,-0.58
199701,4.98,-1.82,-1.46,0.45,1.95,2.62,-1.55
199702,-0.49,-2.56,5.69,0.39,-2.13,1.25,0.89
199703,-5.02,-0.43,3.4,0.43,0.9,0.88,2.09
199704,4.04,-5.71,0.07,0.43,4.86,2.43,-3.86
199705,6.74,4.75,-4.12,0.49,-5.17,2.87,-2.15
199706,4.1,1.21,1.59,0.37,2.6,0.73,0.19
199707,7.33,-2.77,0.29,0.43,3.79,3.84,-1.1
199708,-4.15,7.63,1.2,0.41,-2.56,-0.15,3.2
199709,5.35,2.49,0.38,0.44,1.47,1.7,-0.42
199710,-3.8,-0.55,2.25,0.42,-0.57,-0.96,0.43
199711,2.98,-5.1,1.19,0.39,0.33,-2.01,1.13
199712,1.32,-2.01,3.86,0.48,3.98,-2.91,0.1
199801,0.15,-1.36,-1.59,0.43,0.14,5.02,-0.91
199802,7.04,0.2,-0.85,0.39,-1.12,1.92,-1.29
199803,4.76,-0.63,1.41,0.39,2.15,1.84,2.22
199804,0.73,-0.05,0.9,0.43,0.74,1.7,-0.87
199805,-3.07,-2.92,3.4,0.4,1.82,0.75,1.42
199806,3.18,-3.67,-1.96,0.41,7.28,-1.44,-0.76
199807,-2.46,-5.27,-1.76,0.4,3.74,-2.07,0.34
199808,-16.08,-5.17,3.6,0.43,1.84,-2.66,4.63
199809,6.15,-0.77,-3.37,0.46,-0.81,2.75,0.33
199810,7.13,-3.42,-2.29,0.32,-5.37,9.85,-4.25
199811,6.1,0.71,-3.23,0.31,1.2,1.32,-0.44
199812,6.16,-1.57,-4.18,0.38,8.91,-1.63,-0.97
199901,3.5,-0.73,-4.62,0.35,3.03,-2.32,1.04
199902,-4.08,-5.2,1.88,0.35,-0.1,2.46,0.38
199903,3.45,-4.23,-2.77,0.43,-1.27,0.21,-1.21
199904,4.33,4.53,2.41,0.37,-9.04,2.37,5.46
199905,-2.46,3.74,2.3,0.34,-5.19,1.21,3.41
199906,4.77,2.3,-3.26,0.4,5.06,1.7,0.54
199907,-3.49,2.57,-0.42,0.38,1.66,1.5,1.81
199908,-1.38,-1.72,-1.84,0.39,3.12,-3.41,-1.82
199909,-2.79,2.62,-3.48,0.39,6.48,-0.61,0.39
199910,6.12,-6.89,-3.37,0.39,5.5,-1.48,-2.86
199911,3.37,5.8,-6.16,0.36,5.64,0.43,4.84
199912,7.72,5.34,-8.32,0.44,13.22,-14.01,5.5
200001,-4.74,4.45,-1.89,0.41,1.92,2.61,1.67
200002,2.45,18.38,-9.81,0.43,18.2,-13.47,7.33
200003,5.2,-15.39,8.23,0.47,-6.83,9.89,-5.15
200004,-6.4,-4.96,7.25,0.46,-8.39,-2.18,0.28
200005,-4.42,-3.87,4.83,0.5,-8.98,-8.89,-1.7
200006,4.64,9.87,-8.41,0.4,16.61,12.4,2.35
200007,-2.51,-1.02,8.33,0.48,-0.1,6.48,-3.01
200008,7.03,-1.01,-1.37,0.5,5.73,0.54,1.21
200009,-5.45,0.26,7.17,0.51,1.97,2.64,-2.6
200010,-2.76,-2.72,5.64,0.56,-4.48,-4.8,-0.93
200011,-10.72,-0.58,12.34,0.51,-2.32,-14.63,0.48
200012,1.19,3.3,7.6,0.5,6.74,-6.88,2.75
200101,3.13,5.45,-5.11,0.54,-25.3,16.2,-2.57
200102,-10.05,2.79,12.48,0.38,12.57,12.19,10.99
200103,-7.26,2.36,6.43,0.42,8.55,-7.54,3.71
200104,7.94,-0.88,-4.69,0.39,-7.9,9.87,-3.75
200105,0.72,3.59,3.36,0.32,2.21,3.8,3.75
200106,-1.94,6.57,-1.13,0.28,0.38,0.6,1.81
200107,-2.13,-2.83,5.21,0.3,5.58,1.36,2.76
200108,-6.46,2.71,2.3,0.31,5.53,-3.9,5.89
200109,-9.25,-5.73,1.46,0.28,11.48,-4.96,0.01
200110,2.46,5.28,-7.66,0.22,-8.47,14.84,-1.53
200111,7.54,-0.31,2.22,0.17,-8.69,-3.13,0.4
200112,1.6,5.16,0.85,0.15,0.07,1.68,1.12
200201,-1.44,1.25,3.44,0.14,3.75,2.13,3.3
200202,-2.29,-0.36,2.16,0.13,6.82,0.05,4.07
200203,4.24,4.24,1.06,0.13,-1.64,2.75,2.08
200204,-5.2,6.73,3.88,0.15,7.63,2.11,5.96
200205,-1.38,-3.02,1.53,0.14,3.16,-2.68,2.36
200206,-7.21,3.88,-0.03,0.13,6.03,-3.58,2.09
200207,-8.18,-6.42,-3.87,0.15,3.74,1.3,-3
200208,0.5,-1.32,3.31,0.14,1.9,1.52,-0.53
200209,-10.35,3.1,1.44,0.14,9.13,-1.77,-0.68
200210,7.84,-4.3,-3.95,0.14,-5.58,7.39,-0.2
200211,5.96,2.95,-1.27,0.12,-16.33,0.18,4.22
200212,-5.76,0.64,2.13,0.11,9.64,10.74,2.05
200301,-2.57,0.67,-0.73,0.1,1.55,0.28,0.31
200302,-1.88,-0.93,-1.38,0.09,1.17,-0.69,-1.85
200303,1.09,0.68,-1.93,0.1,1.48,0.03,-2.75
200304,8.22,1.05,1.17,0.1,-9.33,3,-0.81
200305,6.05,4.85,0.53,0.09,-10.7,-1.52,3.53
200306,1.42,1.66,0.19,0.1,-1,-0.11,1.2
200307,2.35,4.58,-1.19,0.07,-0.32,2.48,0.37
200308,2.34,2.52,1.54,0.07,-0.62,-1.5,-0.47
200309,-1.24,0.55,0.1,0.08,-0.19,4.62,1.1
200310,6.08,2.67,1.92,0.07,3.99,2.17,2
200311,1.35,2.25,1.81,0.07,1.46,-1.57,1.92
200312,4.29,-2.53,1.6,0.08,-5.57,1.84,1.92
200401,2.15,2.44,2.46,0.07,2.58,2.32,2.01
200402,1.4,-0.88,0.87,0.06,-1.14,1.55,-2.91
200403,-1.32,2.12,0.23,0.09,0.17,-2.16,-1.77
200404,-1.83,-2.07,-3.02,0.08,-5.38,-0.2,-2.23
200405,1.17,-0.42,-0.23,0.06,1.5,2.28,0.88
200406,1.86,2.57,1.23,0.08,2.05,0.32,1.76
200407,-4.06,-2.95,3.22,0.1,-2.28,-1.4,-2.55
200408,0.08,-1.15,1,0.11,-1.59,-2.39,-2.91
200409,1.6,3.27,-0.02,0.11,5.49,3.1,-1.34
200410,1.43,0.19,-0.25,0.11,-1.38,0.25,0.93
200411,4.54,4.11,1.45,0.15,3.16,1.53,-1.12
200412,3.43,-0.05,-0.21,0.16,-2.87,0.94,0.88
200501,-2.76,-1.18,2.07,0.16,3.05,1.46,-2.97
200502,1.89,-0.3,1.54,0.16,3.37,-2.45,-1.44
200503,-1.97,-1.42,2.05,0.21,0.41,0.09,-0.69
200504,-2.61,-3.98,0.05,0.21,-0.69,-1.84,-1.44
200505,3.65,2.79,-0.59,0.24,0.45,3.16,0.6
200506,0.57,3.28,2.81,0.23,2.05,0.03,-1.55
200507,3.92,2.79,-0.78,0.24,0.06,-0.19,0.9
200508,-1.22,-0.9,1.34,0.3,2.08,-1.37,0.41
200509,0.49,-0.36,0.69,0.29,3.43,-3.69,-0.07
200510,-2.02,-1.43,0.41,0.27,-1.39,1.61,-0.93
200511,3.61,0.84,-1.2,0.31,0.35,0.1,0.27
200512,-0.25,-0.2,0.22,0.32,0.77,2.04,-0.89
200601,3.04,5.77,1.09,0.35,2.53,-1,1.2
200602,-0.3,-0.43,-0.37,0.34,-1.84,3.39,1.3
200603,1.46,3.4,0.55,0.37,1.26,-0.08,0.51
200604,0.73,-0.85,2.34,0.36,0.61,-0.34,-0.33
200605,-3.57,-2.86,2.39,0.43,-3.7,-0.04,-0.14
200606,-0.35,-0.22,0.8,0.4,1.54,-0.57,-1.1
200607,-0.78,-3.64,2.62,0.4,-2.13,0.22,1.41
200608,2.03,0.42,-2.04,0.42,-3.38,1.77,2.99
200609,1.84,-1.43,0.06,0.41,-0.96,0.77,1.78
200610,3.23,1.95,-0.26,0.41,-0.2,-0.26,-0.51
200611,1.71,0.73,0.11,0.42,-1.03,-0.91,-1.91
200612,0.87,-0.8,2.71,0.4,0.79,2.41,1.93
200701,1.4,0.09,-0.7,0.44,0.24,1.09,-0.72
200702,-1.96,1.28,-0.12,0.38,-1.35,0.18,-0.68
200703,0.68,0.18,-0.94,0.43,2.56,-2.05,-1.14
200704,3.49,-2.06,-1.43,0.44,-0.24,-0.31,0.31
200705,3.24,0.38,-0.62,0.41,-0.34,-0.99,-2.48
200706,-1.96,0.75,-1.07,0.4,0.51,-0.65,-0.16
200707,-3.73,-2.98,-3.73,0.4,2.94,-3.58,-2.1
200708,0.92,-0.38,-1.89,0.42,0.1,-2.61,-0.11
200709,3.22,-2.42,-2.23,0.32,4.63,0.36,-2.81
200710,1.8,-0.04,-3.11,0.32,5.02,-3.96,-1.57
200711,-4.83,-3.02,-0.94,0.34,0.99,-1.69,0.64
200712,-0.87,0.18,-0.52,0.27,6.63,-2.05,-1.89
200801,-6.36,-0.61,4.01,0.21,-7.75,6.93,1.79
200802,-3.09,-0.64,-0.84,0.13,6.1,5.05,-2.09
200803,-0.93,0.61,0.35,0.17,4.27,-0.37,2.85
200804,4.6,-1.19,-1.09,0.18,-0.31,3.13,-4.53
200805,1.86,3.02,-1.53,0.18,3.31,-2.28,-4.39
200806,-8.44,1.19,-2.7,0.17,12.75,-7.09,-3.17
200807,-0.77,3.7,5.27,0.15,-5.07,7.87,7.34
200808,1.53,3.4,1.48,0.13,-4.03,-0.51,1.39
200809,-9.24,0.25,5.9,0.15,0.28,-3.75,5.78
200810,-17.23,-3.28,-2.22,0.08,7.85,-9.37,2.23
200811,-7.86,-3.92,-6.3,0.03,7.17,-9.99,-2.54
200812,1.74,3.31,0.07,0,-5.09,5.46,0.11
200901,-8.12,-2.08,-11.11,0,-2.18,0.19,-6.97
200902,-10.1,-1.3,-6.91,0.01,4.41,-7.01,1.16
200903,8.95,0.66,3.34,0.02,-11.87,3.04,3.57
200904,10.18,7.04,5.26,0.01,-34.3,-6.52,-0.33
200905,5.21,-2.31,0.37,0,-12.49,-2.71,-1.48
200906,0.43,2.31,-2.72,0.01,5.48,4.8,1.31
200907,7.72,2.4,4.84,0.01,-5.58,4.43,5.14
200908,3.33,-0.08,7.63,0.01,-9.07,-2.08,5.62
200909,4.08,2.72,1.04,0.01,-4.79,1.12,-1.68
200910,-2.59,-4.92,-4.2,0,2.61,2.14,-4.9
200911,5.56,-2.68,-0.33,0,0.3,0.45,1.39
200912,2.75,6.24,-0.17,0.01,3.02,1.46,0.71
201001,-3.36,0.35,0.43,0,-5.4,3.64,1.63
201002,3.4,1.51,3.22,0,3.74,1.63,2.62
201003,6.31,1.85,2.21,0.01,3.76,0.8,4.41
201004,2,4.98,2.89,0.01,3.16,-1.86,4.81
201005,-7.89,0.04,-2.44,0.01,-0.25,0.52,-3.07
201006,-5.57,-2.47,-4.7,0.01,-2.76,-4.87,-5.47
201007,6.93,0.16,-0.3,0.01,1.83,4.11,0.79
201008,-4.77,-3.11,-1.96,0.01,-0.06,1,-3.85
201009,9.54,3.76,-3.17,0.01,1.41,3.29,1.93
201010,3.88,0.86,-2.49,0.01,1.58,-1.34,-2.27
201011,0.6,3.66,-0.88,0.01,2.66,-0.95,-0.93
201012,6.82,0.98,3.78,0.01,-3.03,2.28,4.73
201101,1.99,-2.37,0.77,0.01,-0.29,-0.09,0.88
201102,3.49,1.61,1.24,0.01,1.99,-0.69,1.14
201103,0.46,2.64,-1.88,0.01,3.4,-0.86,-2
201104,2.9,-0.5,-2.48,0,0.04,-1.08,-2.21
201105,-1.27,-0.71,-2,0,-0.62,-1.22,-2.43
201106,-1.75,0.13,-0.38,0,1.78,-0.93,-1.89
201107,-2.35,-1.22,-0.91,0,0.16,-1.09,-2.54
201108,-5.99,-3.22,-2.4,0.01,-0.28,-1.35,-6.31
201109,-7.59,-3.67,-1.76,0,-2.42,-9.57,-5.17
201110,11.35,3.48,0.12,0,-1.43,12.21,3.65
201111,-0.28,-0.28,-0.46,0,3.85,1.25,-3.49
201112,0.74,-0.33,1.61,0,1.81,-1.54,2.09
201201,5.05,2.07,-0.94,0,-7.93,6.56,1.54
201202,4.42,-1.71,0.43,0,-0.29,-0.34,1.73
201203,3.11,-0.49,1.12,0,1.3,-0.8,2.73
201204,-0.85,-0.54,-0.77,0,3.75,-0.46,-1.87
201205,-6.19,-0.1,-1.06,0.01,6.49,-3.34,-1.75
201206,3.89,0.81,0.59,0,-1.06,-0.79,1.65
201207,0.79,-2.76,-0.12,0,3.02,1.48,-2.1
201208,2.55,0.45,1.3,0.01,-2.37,3.03,1.87
201209,2.73,0.64,1.58,0.01,-1.14,-0.19,1.79
201210,-1.76,-0.91,3.56,0.01,0.14,0.25,1.06
201211,0.78,0.44,-0.83,0.01,0.49,0.91,-0.68
201212,1.18,1.92,3.53,0.01,-2.86,0.18,3.76
201301,5.57,0.46,0.95,0,-1.79,-1.42,3.34
201302,1.29,-0.29,0.1,0,1.29,-1.19,0.04
201303,4.03,0.87,-0.23,0,1.92,-1.86,1.29
201304,1.55,-2.24,0.5,0,0.22,-1.19,-0.36
201305,2.8,2.08,2.67,0,-2.02,1.64,3.34
201306,-1.2,1.56,0.05,0,0.52,0.5,-0.64
201307,5.65,1.81,0.57,0,1.75,1.92,1.69
201308,-2.71,-0.07,-2.68,0,0.02,-0.81,-1.35
201309,3.77,2.65,-1.23,0,3.07,-0.46,0.02
201310,4.18,-1.5,1.26,0,0.08,-0.14,0.3
201311,3.13,1.4,0.28,0,0.44,0.67,0.35
201312,2.81,-0.44,-0.01,0,0.02,1.35,-1.05
201401,-3.32,0.59,-2.02,0,1.71,0.33,1.16
201402,4.65,0.16,-0.31,0,2.07,-0.19,-1.3
201403,0.43,-1.13,4.92,0,-3.29,2.66,2.91
201404,-0.19,-4.13,1.14,0,-3.89,-2.1,0.13
201405,2.06,-1.89,-0.13,0,0.88,0.47,-0.7
201406,2.61,3.1,-0.69,0,0.69,-0.51,0.4
201407,-2.04,-4.28,0.02,0,-0.14,2.65,0.24
201408,4.24,0.3,-0.44,0,0.82,1.61,-1.35
201409,-1.97,-3.73,-1.35,0,0.5,-0.19,-1.09
201410,2.52,3.75,-1.83,0,-0.06,-2.6,-3.22
201411,2.55,-2.26,-3.09,0,0.68,-3.29,-1.57
201412,-0.06,2.87,2.27,0,1.12,-1.02,0.47
201501,-3.11,-0.9,-3.61,0,3.85,-0.41,-3.34
201502,6.14,0.31,-1.87,0,-2.79,3.51,-2.05
201503,-1.12,3.1,-0.41,0,2.74,-0.11,-2.52
201504,0.59,-3.07,1.83,0,-7.27,4.13,1.2
201505,1.36,0.82,-1.13,0,5.83,2.45,-0.81
201506,-1.53,2.89,-0.78,0,3.02,-3.59,-0.95
201507,1.54,-4.58,-4.07,0,10.06,-4.96,-1.59
201508,-6.04,0.27,2.8,0,-2.09,1.5,1.26
201509,-3.07,-2.78,0.58,0,5.24,-3.21,0.07
201510,7.75,-2.06,-0.45,0,-3.27,0.9,-0.68
201511,0.56,3.31,-0.39,0,2.28,0.11,-0.07
201512,-2.17,-2.97,-2.59,0.01,3.36,1.14,-2.45
201601,-5.77,-3.42,2.07,0.01,1.39,-2.86,-1.1
201602,-0.08,0.94,-0.58,0.02,-4.27,-1,0.67
201603,6.96,1.01,1.1,0.02,-5.04,1.55,4.06
201604,0.92,1.16,3.19,0.01,-6.08,0.36,4.94
201605,1.78,-0.64,-1.65,0.01,1.37,0.11,-2.22
201606,-0.05,0.43,-1.45,0.02,4.14,1.44,1.4
201607,3.95,2.49,-1.29,0.02,-3.32,4.55,-0.19
201608,0.5,1.69,3.11,0.02,-3.49,-0.35,0.69
201609,0.25,1.87,-1.21,0.02,0.15,0.03,1.76
201610,-2.02,-4.05,4.12,0.02,0.6,2.55,-0.97
201611,4.86,7.04,8.21,0.01,-4.63,0.29,2.18
201612,1.82,0.4,3.6,0.03,-0.25,-1.18,-2.72
201701,1.94,-1.42,-2.74,0.04,-0.94,3.34,-1.27
201702,3.57,-2.23,-1.67,0.04,-1.6,-1.06,-3.33
201703,0.17,0.73,-3.33,0.03,-1.03,-0.84,-1.22
201704,1.09,0.47,-2.13,0.05,0.48,-2.1,-3.64
201705,1.06,-3.03,-3.75,0.06,1.5,-3.39,-2.65
201706,0.78,2.57,1.49,0.06,-0.09,4.08,-0.65
201707,1.87,-1.62,-0.22,0.07,1.62,2.02,0.61
201708,0.16,-1.82,-2.07,0.09,3.29,-0.34,-1.96
201709,2.51,4.74,3.09,0.09,-1.32,2.79,0.61
201710,2.25,-1.95,0.22,0.09,4.28,-0.73,-1.82
201711,3.12,-0.35,-0.05,0.08,-0.87,0.43,0.71
201712,1.06,-1.07,0.03,0.09,-1.55,-0.76,2.07
201801,5.58,-3.25,-1.36,0.11,4.05,0.74,-1.92
201802,-3.65,0.32,-1.03,0.11,3.56,-1.05,-3.38
201803,-2.35,3.59,-0.23,0.12,-1.13,0.3,1.96
201804,0.29,0.91,0.48,0.14,0.36,-0.78,2.83
201805,2.65,4.79,-3.13,0.14,3.87,-0.12,-0.24
201806,0.48,0.81,-2.33,0.14,-2.33,0.65,0.92
201807,3.19,-1.95,0.45,0.16,-1.43,1.73,-1.48
201808,3.44,0.63,-3.98,0.16,5.28,1.52,-2.79
201809,0.06,-2.5,-1.7,0.15,0.03,0.08,1.85
201810,-7.68,-4.5,3.43,0.19,-2.06,1.27,-1.63
201811,1.69,-0.76,0.26,0.18,-1.41,1.26,-4.02
201812,-9.55,-2.91,-1.9,0.19,2.12,-1.64,-2.76
201901,8.41,3.01,-0.44,0.21,-8.65,8.19,2.24
201902,3.4,1.73,-2.68,0.18,0.85,-0.06,-0.65
201903,1.1,-3.46,-4.05,0.19,2.16,0.09,-0.82
201904,3.96,-1.17,2.17,0.21,-2.96,0.88,-3.03
201905,-6.94,-1.59,-2.37,0.21,7.56,0.8,-4.38
201906,6.93,0.32,-0.71,0.18,-2.23,3.79,-0.38
201907,1.19,-1.78,0.42,0.19,2.9,-0.19,-3.14
201908,-2.58,-3.22,-4.95,0.16,7.47,-2.32,-5.11
201909,1.43,0.27,6.83,0.18,-6.81,5.04,2.73
201910,2.06,0.27,-1.93,0.15,0.19,-0.41,-3.34
201911,3.87,0.45,-2.02,0.12,-2.63,-0.2,0.09
201912,2.77,0.97,1.79,0.14,-1.88,0.69,1.02
202001,-0.11,-4.38,-6.24,0.13,6.03,2.57,-5.17
202002,-8.13,0.02,-3.79,0.12,-0.36,-2.42,-1.65
202003,-13.38,-8.32,-14.02,0.12,8.16,-11.75,-8.62
202004,13.65,2.58,-1.18,0,-5.39,15.82,3.12
202005,5.58,1.97,-4.8,0.01,0.35,-3.24,-2.42
202006,2.46,1.97,-2.04,0.01,-0.78,-1.9,1.82
202007,5.77,-3.17,-1.53,0.01,7.63,-3.27,-0.11
202008,7.63,-0.92,-2.92,0.01,0.41,-2.28,1.93
202009,-3.63,-0.01,-2.62,0.01,3.18,0.46,-3.02
202010,-2.1,4.67,4.16,0.01,-3.1,0.64,-0.94
202011,12.47,7,2.13,0.01,-12.45,3.02,6.15
202012,4.63,4.72,-1.43,0.01,-2.26,-3.06,-0.7
202101,-0.03,6.77,2.99,0,4.52,0.74,9.32
202102,2.78,4.52,7.18,0,-7.93,4.5,4.23
202103,3.08,-0.92,7.41,0,-6.11,-0.87,3.3
202104,4.93,-3.1,-0.93,0,1.14,1.32,-1.9
202105,0.29,1.19,7.04,0,0.88,1.34,5.37
202106,2.79,-0.25,-7.76,0,2.24,3.11,-1.71
202107,1.19,-4.56,-1.75,0,-2.29,-0.58,-7.4
202108,2.91,-0.76,-0.07,0,2.51,-1.6,-1.09
